"record_type","category_slug","editorial_status","entity_type","label_es","ranking_snapshot_id","ranking_snapshot_status","source_snapshot_id","source_key","source_rights_status","coverage_complete","coverage_compatible_with_label","rows_audited","snapshot_rows_total","unique_source_entities","unique_canonical_entities","rows_zero_or_negative","duplicate_canonical_entries","conflicting_identity_rows","playable_top200","visual_asset_status","anomaly_codes","rank","entity_id","source_entity_id","source_name","canonical_name","raw_value","score","tie_group","identity_status","playable","media_status","evidence_urls"
"category","club-career-red-cards","provisional","player","Tarjetas rojas globales en clubes","rs_562b15ab2bb831b906846acb","draft","src_eec28a0333d474df7ca0e0e7","schochastics-football-data-incidents","review_required","false","false","200","200","200","200","0","0","0","99","mixed","coverage_incomplete; declared_200_incomplete; temporal_window_not_declared; global_label_overclaims_scope; source_rights_not_approved; top20_visual_assets_not_licensed","","","","","","","","","","","",""
"top20","club-career-red-cards","provisional","player","Tarjetas rojas globales en clubes","rs_562b15ab2bb831b906846acb","draft","src_eec28a0333d474df7ca0e0e7","schochastics-football-data-incidents","review_required","false","false","","","","","","","","","","","1","api-football:player:85062","api-football:player:85062","Thiago Motta","Thiago Motta","13","1","1","canonical","true","pending","https://github.com/schochastics/football-data; https://raw.githubusercontent.com/schochastics/football-data/6ba5e7e8f8657b6ccdeb0e89778765423f8d5aaf/data/goals_time2/frankreich_ligue-1-2012-2013.json; https://raw.githubusercontent.com/schochastics/football-data/6ba5e7e8f8657b6ccdeb0e89778765423f8d5aaf/data/goals_time2/frankreich_ligue-1-2013-2014.json; https://raw.githubusercontent.com/schochastics/football-data/6ba5e7e8f8657b6ccdeb0e89778765423f8d5aaf/data/goals_time2/frankreich_ligue-1-2016-2017.json; https://raw.githubusercontent.com/schochastics/football-data/6ba5e7e8f8657b6ccdeb0e89778765423f8d5aaf/data/goals_time2/frankreich_ligue-1-2017-2018.json; https://raw.githubusercontent.com/schochastics/football-data/6ba5e7e8f8657b6ccdeb0e89778765423f8d5aaf/data/goals_time2/italien_serie-a-2008-2009.json; https://raw.githubusercontent.com/schochastics/football-data/6ba5e7e8f8657b6ccdeb0e89778765423f8d5aaf/data/goals_time2/italien_serie-a-2023-2024.json; https://raw.githubusercontent.com/schochastics/football-data/6ba5e7e8f8657b6ccdeb0e89778765423f8d5aaf/data/goals_time2/italien_serie-a-2024-2025.json; https://raw.githubusercontent.com/schochastics/football-data/6ba5e7e8f8657b6ccdeb0e89778765423f8d5aaf/data/goals_time2/spanien_la-liga-2003-2004.json; https://raw.githubusercontent.com/schochastics/football-data/6ba5e7e8f8657b6ccdeb0e89778765423f8d5aaf/data/goals_time2/spanien_la-liga-2005-2006.json"
"top20","club-career-red-cards","provisional","player","Tarjetas rojas globales en clubes","rs_562b15ab2bb831b906846acb","draft","src_eec28a0333d474df7ca0e0e7","schochastics-football-data-incidents","review_required","false","false","","","","","","","","","","","1","uefa:player:04cf3fda53c4035a29db57f9","uefa:player:04cf3fda53c4035a29db57f9","Sergio Ramos","Sergio Ramos","13","1","1","canonical","true","licensed","https://github.com/schochastics/football-data; https://raw.githubusercontent.com/schochastics/football-data/6ba5e7e8f8657b6ccdeb0e89778765423f8d5aaf/data/goals_time2/frankreich_ligue-1-2022-2023.json; https://raw.githubusercontent.com/schochastics/football-data/6ba5e7e8f8657b6ccdeb0e89778765423f8d5aaf/data/goals_time2/spanien_la-liga-2005-2006.json; https://raw.githubusercontent.com/schochastics/football-data/6ba5e7e8f8657b6ccdeb0e89778765423f8d5aaf/data/goals_time2/spanien_la-liga-2006-2007.json; https://raw.githubusercontent.com/schochastics/football-data/6ba5e7e8f8657b6ccdeb0e89778765423f8d5aaf/data/goals_time2/spanien_la-liga-2007-2008.json; https://raw.githubusercontent.com/schochastics/football-data/6ba5e7e8f8657b6ccdeb0e89778765423f8d5aaf/data/goals_time2/spanien_la-liga-2008-2009.json; https://raw.githubusercontent.com/schochastics/football-data/6ba5e7e8f8657b6ccdeb0e89778765423f8d5aaf/data/goals_time2/spanien_la-liga-2009-2010.json; https://raw.githubusercontent.com/schochastics/football-data/6ba5e7e8f8657b6ccdeb0e89778765423f8d5aaf/data/goals_time2/spanien_la-liga-2010-2011.json; https://raw.githubusercontent.com/schochastics/football-data/6ba5e7e8f8657b6ccdeb0e89778765423f8d5aaf/data/goals_time2/spanien_la-liga-2013-2014.json; https://raw.githubusercontent.com/schochastics/football-data/6ba5e7e8f8657b6ccdeb0e89778765423f8d5aaf/data/goals_time2/spanien_la-liga-2016-2017.json; https://raw.githubusercontent.com/schochastics/football-data/6ba5e7e8f8657b6ccdeb0e89778765423f8d5aaf/data/goals_time2/spanien_la-liga-2023-2024.json"
"top20","club-career-red-cards","provisional","player","Tarjetas rojas globales en clubes","rs_562b15ab2bb831b906846acb","draft","src_eec28a0333d474df7ca0e0e7","schochastics-football-data-incidents","review_required","false","false","","","","","","","","","","","3","football-data:player:juric-i","football-data:player:juric-i","Juric I.","Juric I.","10","3","2","canonical","false","fallback","https://github.com/schochastics/football-data; https://raw.githubusercontent.com/schochastics/football-data/6ba5e7e8f8657b6ccdeb0e89778765423f8d5aaf/data/goals_time2/italien_serie-a-2007-2008.json; https://raw.githubusercontent.com/schochastics/football-data/6ba5e7e8f8657b6ccdeb0e89778765423f8d5aaf/data/goals_time2/italien_serie-a-2008-2009.json; https://raw.githubusercontent.com/schochastics/football-data/6ba5e7e8f8657b6ccdeb0e89778765423f8d5aaf/data/goals_time2/italien_serie-a-2020-2021.json; https://raw.githubusercontent.com/schochastics/football-data/6ba5e7e8f8657b6ccdeb0e89778765423f8d5aaf/data/goals_time2/italien_serie-a-2022-2023.json; https://raw.githubusercontent.com/schochastics/football-data/6ba5e7e8f8657b6ccdeb0e89778765423f8d5aaf/data/goals_time2/italien_serie-a-2023-2024.json"
"top20","club-career-red-cards","provisional","player","Tarjetas rojas globales en clubes","rs_562b15ab2bb831b906846acb","draft","src_eec28a0333d474df7ca0e0e7","schochastics-football-data-incidents","review_required","false","false","","","","","","","","","","","4","football-data:player:ledesma-c","football-data:player:ledesma-c","Ledesma C.","Ledesma C.","9","4","3","canonical","false","fallback","https://github.com/schochastics/football-data; https://raw.githubusercontent.com/schochastics/football-data/6ba5e7e8f8657b6ccdeb0e89778765423f8d5aaf/data/goals_time2/italien_serie-a-2003-2004.json; https://raw.githubusercontent.com/schochastics/football-data/6ba5e7e8f8657b6ccdeb0e89778765423f8d5aaf/data/goals_time2/italien_serie-a-2005-2006.json; https://raw.githubusercontent.com/schochastics/football-data/6ba5e7e8f8657b6ccdeb0e89778765423f8d5aaf/data/goals_time2/italien_serie-a-2006-2007.json; https://raw.githubusercontent.com/schochastics/football-data/6ba5e7e8f8657b6ccdeb0e89778765423f8d5aaf/data/goals_time2/italien_serie-a-2008-2009.json; https://raw.githubusercontent.com/schochastics/football-data/6ba5e7e8f8657b6ccdeb0e89778765423f8d5aaf/data/goals_time2/italien_serie-a-2009-2010.json; https://raw.githubusercontent.com/schochastics/football-data/6ba5e7e8f8657b6ccdeb0e89778765423f8d5aaf/data/goals_time2/italien_serie-a-2010-2011.json; https://raw.githubusercontent.com/schochastics/football-data/6ba5e7e8f8657b6ccdeb0e89778765423f8d5aaf/data/goals_time2/italien_serie-a-2013-2014.json"
"top20","club-career-red-cards","provisional","player","Tarjetas rojas globales en clubes","rs_562b15ab2bb831b906846acb","draft","src_eec28a0333d474df7ca0e0e7","schochastics-football-data-incidents","review_required","false","false","","","","","","","","","","","5","api-football:player:21443","api-football:player:21443","Téji Savanier","Téji Savanier","8","5","4","canonical","true","pending","https://github.com/schochastics/football-data; https://raw.githubusercontent.com/schochastics/football-data/6ba5e7e8f8657b6ccdeb0e89778765423f8d5aaf/data/goals_time2/frankreich_ligue-1-2018-2019.json; https://raw.githubusercontent.com/schochastics/football-data/6ba5e7e8f8657b6ccdeb0e89778765423f8d5aaf/data/goals_time2/frankreich_ligue-1-2020-2021.json; https://raw.githubusercontent.com/schochastics/football-data/6ba5e7e8f8657b6ccdeb0e89778765423f8d5aaf/data/goals_time2/frankreich_ligue-1-2021-2022.json; https://raw.githubusercontent.com/schochastics/football-data/6ba5e7e8f8657b6ccdeb0e89778765423f8d5aaf/data/goals_time2/frankreich_ligue-1-2022-2023.json; https://raw.githubusercontent.com/schochastics/football-data/6ba5e7e8f8657b6ccdeb0e89778765423f8d5aaf/data/goals_time2/frankreich_ligue-1-2023-2024.json; https://raw.githubusercontent.com/schochastics/football-data/6ba5e7e8f8657b6ccdeb0e89778765423f8d5aaf/data/goals_time2/frankreich_ligue-1-2024-2025.json"
"top20","club-career-red-cards","provisional","player","Tarjetas rojas globales en clubes","rs_562b15ab2bb831b906846acb","draft","src_eec28a0333d474df7ca0e0e7","schochastics-football-data-incidents","review_required","false","false","","","","","","","","","","","5","football-data:player:dani-alves","football-data:player:dani-alves","Dani Alves","Dani Alves","8","5","4","canonical","false","fallback","https://github.com/schochastics/football-data; https://raw.githubusercontent.com/schochastics/football-data/6ba5e7e8f8657b6ccdeb0e89778765423f8d5aaf/data/goals_time2/frankreich_ligue-1-2017-2018.json; https://raw.githubusercontent.com/schochastics/football-data/6ba5e7e8f8657b6ccdeb0e89778765423f8d5aaf/data/goals_time2/spanien_la-liga-2004-2005.json; https://raw.githubusercontent.com/schochastics/football-data/6ba5e7e8f8657b6ccdeb0e89778765423f8d5aaf/data/goals_time2/spanien_la-liga-2005-2006.json; https://raw.githubusercontent.com/schochastics/football-data/6ba5e7e8f8657b6ccdeb0e89778765423f8d5aaf/data/goals_time2/spanien_la-liga-2007-2008.json; https://raw.githubusercontent.com/schochastics/football-data/6ba5e7e8f8657b6ccdeb0e89778765423f8d5aaf/data/goals_time2/spanien_la-liga-2014-2015.json; https://raw.githubusercontent.com/schochastics/football-data/6ba5e7e8f8657b6ccdeb0e89778765423f8d5aaf/data/goals_time2/spanien_la-liga-2021-2022.json"
"top20","club-career-red-cards","provisional","player","Tarjetas rojas globales en clubes","rs_562b15ab2bb831b906846acb","draft","src_eec28a0333d474df7ca0e0e7","schochastics-football-data-incidents","review_required","false","false","","","","","","","","","","","5","football-data:player:de-rossi-d","football-data:player:de-rossi-d","De Rossi D.","De Rossi D.","8","5","4","canonical","false","fallback","https://github.com/schochastics/football-data; https://raw.githubusercontent.com/schochastics/football-data/6ba5e7e8f8657b6ccdeb0e89778765423f8d5aaf/data/goals_time2/italien_serie-a-2004-2005.json; https://raw.githubusercontent.com/schochastics/football-data/6ba5e7e8f8657b6ccdeb0e89778765423f8d5aaf/data/goals_time2/italien_serie-a-2008-2009.json; https://raw.githubusercontent.com/schochastics/football-data/6ba5e7e8f8657b6ccdeb0e89778765423f8d5aaf/data/goals_time2/italien_serie-a-2010-2011.json; https://raw.githubusercontent.com/schochastics/football-data/6ba5e7e8f8657b6ccdeb0e89778765423f8d5aaf/data/goals_time2/italien_serie-a-2012-2013.json; https://raw.githubusercontent.com/schochastics/football-data/6ba5e7e8f8657b6ccdeb0e89778765423f8d5aaf/data/goals_time2/italien_serie-a-2013-2014.json; https://raw.githubusercontent.com/schochastics/football-data/6ba5e7e8f8657b6ccdeb0e89778765423f8d5aaf/data/goals_time2/italien_serie-a-2017-2018.json"
"top20","club-career-red-cards","provisional","player","Tarjetas rojas globales en clubes","rs_562b15ab2bb831b906846acb","draft","src_eec28a0333d474df7ca0e0e7","schochastics-football-data-incidents","review_required","false","false","","","","","","","","","","","5","football-data:player:felipe","football-data:player:felipe","Felipe","Felipe","8","5","4","canonical","false","fallback","https://github.com/schochastics/football-data; https://raw.githubusercontent.com/schochastics/football-data/6ba5e7e8f8657b6ccdeb0e89778765423f8d5aaf/data/goals_time2/italien_serie-a-2007-2008.json; https://raw.githubusercontent.com/schochastics/football-data/6ba5e7e8f8657b6ccdeb0e89778765423f8d5aaf/data/goals_time2/italien_serie-a-2010-2011.json; https://raw.githubusercontent.com/schochastics/football-data/6ba5e7e8f8657b6ccdeb0e89778765423f8d5aaf/data/goals_time2/italien_serie-a-2012-2013.json; https://raw.githubusercontent.com/schochastics/football-data/6ba5e7e8f8657b6ccdeb0e89778765423f8d5aaf/data/goals_time2/italien_serie-a-2013-2014.json; https://raw.githubusercontent.com/schochastics/football-data/6ba5e7e8f8657b6ccdeb0e89778765423f8d5aaf/data/goals_time2/italien_serie-a-2015-2016.json; https://raw.githubusercontent.com/schochastics/football-data/6ba5e7e8f8657b6ccdeb0e89778765423f8d5aaf/data/goals_time2/italien_serie-a-2017-2018.json; https://raw.githubusercontent.com/schochastics/football-data/6ba5e7e8f8657b6ccdeb0e89778765423f8d5aaf/data/goals_time2/spanien_la-liga-2021-2022.json"
"top20","club-career-red-cards","provisional","player","Tarjetas rojas globales en clubes","rs_562b15ab2bb831b906846acb","draft","src_eec28a0333d474df7ca0e0e7","schochastics-football-data-incidents","review_required","false","false","","","","","","","","","","","5","football-data:player:hilton","football-data:player:hilton","Hilton","Hilton","8","5","4","canonical","false","fallback","https://github.com/schochastics/football-data; https://raw.githubusercontent.com/schochastics/football-data/6ba5e7e8f8657b6ccdeb0e89778765423f8d5aaf/data/goals_time2/frankreich_ligue-1-2004-2005.json; https://raw.githubusercontent.com/schochastics/football-data/6ba5e7e8f8657b6ccdeb0e89778765423f8d5aaf/data/goals_time2/frankreich_ligue-1-2011-2012.json; https://raw.githubusercontent.com/schochastics/football-data/6ba5e7e8f8657b6ccdeb0e89778765423f8d5aaf/data/goals_time2/frankreich_ligue-1-2013-2014.json; https://raw.githubusercontent.com/schochastics/football-data/6ba5e7e8f8657b6ccdeb0e89778765423f8d5aaf/data/goals_time2/frankreich_ligue-1-2014-2015.json; https://raw.githubusercontent.com/schochastics/football-data/6ba5e7e8f8657b6ccdeb0e89778765423f8d5aaf/data/goals_time2/frankreich_ligue-1-2015-2016.json; https://raw.githubusercontent.com/schochastics/football-data/6ba5e7e8f8657b6ccdeb0e89778765423f8d5aaf/data/goals_time2/frankreich_ligue-1-2018-2019.json; https://raw.githubusercontent.com/schochastics/football-data/6ba5e7e8f8657b6ccdeb0e89778765423f8d5aaf/data/goals_time2/frankreich_ligue-1-2020-2021.json"
"top20","club-career-red-cards","provisional","player","Tarjetas rojas globales en clubes","rs_562b15ab2bb831b906846acb","draft","src_eec28a0333d474df7ca0e0e7","schochastics-football-data-incidents","review_required","false","false","","","","","","","","","","","5","football-data:player:ibrahimovic-z","football-data:player:ibrahimovic-z","Ibrahimovic Z.","Ibrahimovic Z.","8","5","4","canonical","false","fallback","https://github.com/schochastics/football-data; https://raw.githubusercontent.com/schochastics/football-data/6ba5e7e8f8657b6ccdeb0e89778765423f8d5aaf/data/goals_time2/frankreich_ligue-1-2012-2013.json; https://raw.githubusercontent.com/schochastics/football-data/6ba5e7e8f8657b6ccdeb0e89778765423f8d5aaf/data/goals_time2/italien_serie-a-2006-2007.json; https://raw.githubusercontent.com/schochastics/football-data/6ba5e7e8f8657b6ccdeb0e89778765423f8d5aaf/data/goals_time2/italien_serie-a-2010-2011.json; https://raw.githubusercontent.com/schochastics/football-data/6ba5e7e8f8657b6ccdeb0e89778765423f8d5aaf/data/goals_time2/italien_serie-a-2011-2012.json; https://raw.githubusercontent.com/schochastics/football-data/6ba5e7e8f8657b6ccdeb0e89778765423f8d5aaf/data/goals_time2/italien_serie-a-2020-2021.json; https://raw.githubusercontent.com/schochastics/football-data/6ba5e7e8f8657b6ccdeb0e89778765423f8d5aaf/data/goals_time2/spanien_la-liga-2009-2010.json"
"top20","club-career-red-cards","provisional","player","Tarjetas rojas globales en clubes","rs_562b15ab2bb831b906846acb","draft","src_eec28a0333d474df7ca0e0e7","schochastics-football-data-incidents","review_required","false","false","","","","","","","","","","","5","football-data:player:marquez-r","football-data:player:marquez-r","Marquez R.","Marquez R.","8","5","4","canonical","false","fallback","https://github.com/schochastics/football-data; https://raw.githubusercontent.com/schochastics/football-data/6ba5e7e8f8657b6ccdeb0e89778765423f8d5aaf/data/goals_time2/italien_serie-a-2014-2015.json; https://raw.githubusercontent.com/schochastics/football-data/6ba5e7e8f8657b6ccdeb0e89778765423f8d5aaf/data/goals_time2/spanien_la-liga-2003-2004.json; https://raw.githubusercontent.com/schochastics/football-data/6ba5e7e8f8657b6ccdeb0e89778765423f8d5aaf/data/goals_time2/spanien_la-liga-2004-2005.json; https://raw.githubusercontent.com/schochastics/football-data/6ba5e7e8f8657b6ccdeb0e89778765423f8d5aaf/data/goals_time2/spanien_la-liga-2005-2006.json; https://raw.githubusercontent.com/schochastics/football-data/6ba5e7e8f8657b6ccdeb0e89778765423f8d5aaf/data/goals_time2/spanien_la-liga-2007-2008.json; https://raw.githubusercontent.com/schochastics/football-data/6ba5e7e8f8657b6ccdeb0e89778765423f8d5aaf/data/goals_time2/spanien_la-liga-2008-2009.json; https://raw.githubusercontent.com/schochastics/football-data/6ba5e7e8f8657b6ccdeb0e89778765423f8d5aaf/data/goals_time2/spanien_la-liga-2009-2010.json"
"top20","club-career-red-cards","provisional","player","Tarjetas rojas globales en clubes","rs_562b15ab2bb831b906846acb","draft","src_eec28a0333d474df7ca0e0e7","schochastics-football-data-incidents","review_required","false","false","","","","","","","","","","","12","bdfutbol:ligue-1:player:85a2706eb32cf612f7ea39ed","bdfutbol:ligue-1:player:85a2706eb32cf612f7ea39ed","Fallou Diagné","Fallou Diagné","7","12","5","canonical","true","licensed","https://github.com/schochastics/football-data; https://raw.githubusercontent.com/schochastics/football-data/6ba5e7e8f8657b6ccdeb0e89778765423f8d5aaf/data/goals_time2/deutschland_bundesliga-2011-2012.json; https://raw.githubusercontent.com/schochastics/football-data/6ba5e7e8f8657b6ccdeb0e89778765423f8d5aaf/data/goals_time2/deutschland_bundesliga-2012-2013.json; https://raw.githubusercontent.com/schochastics/football-data/6ba5e7e8f8657b6ccdeb0e89778765423f8d5aaf/data/goals_time2/deutschland_bundesliga-2013-2014.json; https://raw.githubusercontent.com/schochastics/football-data/6ba5e7e8f8657b6ccdeb0e89778765423f8d5aaf/data/goals_time2/frankreich_ligue-1-2014-2015.json; https://raw.githubusercontent.com/schochastics/football-data/6ba5e7e8f8657b6ccdeb0e89778765423f8d5aaf/data/goals_time2/frankreich_ligue-1-2016-2017.json; https://raw.githubusercontent.com/schochastics/football-data/6ba5e7e8f8657b6ccdeb0e89778765423f8d5aaf/data/goals_time2/frankreich_ligue-1-2017-2018.json"
"top20","club-career-red-cards","provisional","player","Tarjetas rojas globales en clubes","rs_562b15ab2bb831b906846acb","draft","src_eec28a0333d474df7ca0e0e7","schochastics-football-data-incidents","review_required","false","false","","","","","","","","","","","12","bdfutbol:serie-a:player:f95f13f09304bf70c15c6d39","bdfutbol:serie-a:player:f95f13f09304bf70c15c6d39","Giampiero Pinzi","Giampiero Pinzi","7","12","5","canonical","true","licensed","https://github.com/schochastics/football-data; https://raw.githubusercontent.com/schochastics/football-data/6ba5e7e8f8657b6ccdeb0e89778765423f8d5aaf/data/goals_time2/italien_serie-a-2003-2004.json; https://raw.githubusercontent.com/schochastics/football-data/6ba5e7e8f8657b6ccdeb0e89778765423f8d5aaf/data/goals_time2/italien_serie-a-2004-2005.json; https://raw.githubusercontent.com/schochastics/football-data/6ba5e7e8f8657b6ccdeb0e89778765423f8d5aaf/data/goals_time2/italien_serie-a-2005-2006.json; https://raw.githubusercontent.com/schochastics/football-data/6ba5e7e8f8657b6ccdeb0e89778765423f8d5aaf/data/goals_time2/italien_serie-a-2007-2008.json"
"top20","club-career-red-cards","provisional","player","Tarjetas rojas globales en clubes","rs_562b15ab2bb831b906846acb","draft","src_eec28a0333d474df7ca0e0e7","schochastics-football-data-incidents","review_required","false","false","","","","","","","","","","","12","football-data:player:amorebieta-f","football-data:player:amorebieta-f","Amorebieta F.","Amorebieta F.","7","12","5","canonical","false","fallback","https://github.com/schochastics/football-data; https://raw.githubusercontent.com/schochastics/football-data/6ba5e7e8f8657b6ccdeb0e89778765423f8d5aaf/data/goals_time2/england_premier-league-2013-2014.json; https://raw.githubusercontent.com/schochastics/football-data/6ba5e7e8f8657b6ccdeb0e89778765423f8d5aaf/data/goals_time2/spanien_la-liga-2006-2007.json; https://raw.githubusercontent.com/schochastics/football-data/6ba5e7e8f8657b6ccdeb0e89778765423f8d5aaf/data/goals_time2/spanien_la-liga-2007-2008.json; https://raw.githubusercontent.com/schochastics/football-data/6ba5e7e8f8657b6ccdeb0e89778765423f8d5aaf/data/goals_time2/spanien_la-liga-2008-2009.json; https://raw.githubusercontent.com/schochastics/football-data/6ba5e7e8f8657b6ccdeb0e89778765423f8d5aaf/data/goals_time2/spanien_la-liga-2009-2010.json; https://raw.githubusercontent.com/schochastics/football-data/6ba5e7e8f8657b6ccdeb0e89778765423f8d5aaf/data/goals_time2/spanien_la-liga-2010-2011.json"
"top20","club-career-red-cards","provisional","player","Tarjetas rojas globales en clubes","rs_562b15ab2bb831b906846acb","draft","src_eec28a0333d474df7ca0e0e7","schochastics-football-data-incidents","review_required","false","false","","","","","","","","","","","12","football-data:player:duda","football-data:player:duda","Duda","Duda","7","12","5","canonical","false","fallback","https://github.com/schochastics/football-data; https://raw.githubusercontent.com/schochastics/football-data/6ba5e7e8f8657b6ccdeb0e89778765423f8d5aaf/data/goals_time2/spanien_la-liga-2005-2006.json; https://raw.githubusercontent.com/schochastics/football-data/6ba5e7e8f8657b6ccdeb0e89778765423f8d5aaf/data/goals_time2/spanien_la-liga-2006-2007.json; https://raw.githubusercontent.com/schochastics/football-data/6ba5e7e8f8657b6ccdeb0e89778765423f8d5aaf/data/goals_time2/spanien_la-liga-2009-2010.json; https://raw.githubusercontent.com/schochastics/football-data/6ba5e7e8f8657b6ccdeb0e89778765423f8d5aaf/data/goals_time2/spanien_la-liga-2013-2014.json; https://raw.githubusercontent.com/schochastics/football-data/6ba5e7e8f8657b6ccdeb0e89778765423f8d5aaf/data/goals_time2/spanien_la-liga-2014-2015.json"
"top20","club-career-red-cards","provisional","player","Tarjetas rojas globales en clubes","rs_562b15ab2bb831b906846acb","draft","src_eec28a0333d474df7ca0e0e7","schochastics-football-data-incidents","review_required","false","false","","","","","","","","","","","12","football-data:player:gasperini-g","football-data:player:gasperini-g","Gasperini G.","Gasperini G.","7","12","5","canonical","false","fallback","https://github.com/schochastics/football-data; https://raw.githubusercontent.com/schochastics/football-data/6ba5e7e8f8657b6ccdeb0e89778765423f8d5aaf/data/goals_time2/italien_serie-a-2019-2020.json; https://raw.githubusercontent.com/schochastics/football-data/6ba5e7e8f8657b6ccdeb0e89778765423f8d5aaf/data/goals_time2/italien_serie-a-2020-2021.json; https://raw.githubusercontent.com/schochastics/football-data/6ba5e7e8f8657b6ccdeb0e89778765423f8d5aaf/data/goals_time2/italien_serie-a-2021-2022.json; https://raw.githubusercontent.com/schochastics/football-data/6ba5e7e8f8657b6ccdeb0e89778765423f8d5aaf/data/goals_time2/italien_serie-a-2022-2023.json; https://raw.githubusercontent.com/schochastics/football-data/6ba5e7e8f8657b6ccdeb0e89778765423f8d5aaf/data/goals_time2/italien_serie-a-2024-2025.json"
"top20","club-career-red-cards","provisional","player","Tarjetas rojas globales en clubes","rs_562b15ab2bb831b906846acb","draft","src_eec28a0333d474df7ca0e0e7","schochastics-football-data-incidents","review_required","false","false","","","","","","","","","","","12","football-data:player:marcelo","football-data:player:marcelo","Marcelo","Marcelo","7","12","5","canonical","false","fallback","https://github.com/schochastics/football-data; https://raw.githubusercontent.com/schochastics/football-data/6ba5e7e8f8657b6ccdeb0e89778765423f8d5aaf/data/goals_time2/deutschland_bundesliga-2013-2014.json; https://raw.githubusercontent.com/schochastics/football-data/6ba5e7e8f8657b6ccdeb0e89778765423f8d5aaf/data/goals_time2/frankreich_ligue-1-2017-2018.json; https://raw.githubusercontent.com/schochastics/football-data/6ba5e7e8f8657b6ccdeb0e89778765423f8d5aaf/data/goals_time2/frankreich_ligue-1-2020-2021.json; https://raw.githubusercontent.com/schochastics/football-data/6ba5e7e8f8657b6ccdeb0e89778765423f8d5aaf/data/goals_time2/portugal_liga-portugal-2016-2017.json; https://raw.githubusercontent.com/schochastics/football-data/6ba5e7e8f8657b6ccdeb0e89778765423f8d5aaf/data/goals_time2/portugal_liga-portugal-2017-2018.json; https://raw.githubusercontent.com/schochastics/football-data/6ba5e7e8f8657b6ccdeb0e89778765423f8d5aaf/data/goals_time2/spanien_la-liga-2008-2009.json; https://raw.githubusercontent.com/schochastics/football-data/6ba5e7e8f8657b6ccdeb0e89778765423f8d5aaf/data/goals_time2/spanien_la-liga-2017-2018.json"
"top20","club-career-red-cards","provisional","player","Tarjetas rojas globales en clubes","rs_562b15ab2bb831b906846acb","draft","src_eec28a0333d474df7ca0e0e7","schochastics-football-data-incidents","review_required","false","false","","","","","","","","","","","12","football-data:player:ocio-a","football-data:player:ocio-a","Ocio A.","Ocio A.","7","12","5","canonical","false","fallback","https://github.com/schochastics/football-data; https://raw.githubusercontent.com/schochastics/football-data/6ba5e7e8f8657b6ccdeb0e89778765423f8d5aaf/data/goals_time2/spanien_la-liga-2006-2007.json; https://raw.githubusercontent.com/schochastics/football-data/6ba5e7e8f8657b6ccdeb0e89778765423f8d5aaf/data/goals_time2/spanien_la-liga-2007-2008.json; https://raw.githubusercontent.com/schochastics/football-data/6ba5e7e8f8657b6ccdeb0e89778765423f8d5aaf/data/goals_time2/spanien_la-liga-2008-2009.json"
"top20","club-career-red-cards","provisional","player","Tarjetas rojas globales en clubes","rs_562b15ab2bb831b906846acb","draft","src_eec28a0333d474df7ca0e0e7","schochastics-football-data-incidents","review_required","false","false","","","","","","","","","","","12","pl:player:2522","pl:player:2522","Cristiano Ronaldo","Cristiano Ronaldo","7","12","5","canonical","true","licensed","https://github.com/schochastics/football-data; https://raw.githubusercontent.com/schochastics/football-data/6ba5e7e8f8657b6ccdeb0e89778765423f8d5aaf/data/goals_time2/england_premier-league-2003-2004.json; https://raw.githubusercontent.com/schochastics/football-data/6ba5e7e8f8657b6ccdeb0e89778765423f8d5aaf/data/goals_time2/england_premier-league-2005-2006.json; https://raw.githubusercontent.com/schochastics/football-data/6ba5e7e8f8657b6ccdeb0e89778765423f8d5aaf/data/goals_time2/england_premier-league-2007-2008.json; https://raw.githubusercontent.com/schochastics/football-data/6ba5e7e8f8657b6ccdeb0e89778765423f8d5aaf/data/goals_time2/england_premier-league-2008-2009.json; https://raw.githubusercontent.com/schochastics/football-data/6ba5e7e8f8657b6ccdeb0e89778765423f8d5aaf/data/goals_time2/spanien_la-liga-2009-2010.json; https://raw.githubusercontent.com/schochastics/football-data/6ba5e7e8f8657b6ccdeb0e89778765423f8d5aaf/data/goals_time2/spanien_la-liga-2013-2014.json; https://raw.githubusercontent.com/schochastics/football-data/6ba5e7e8f8657b6ccdeb0e89778765423f8d5aaf/data/goals_time2/spanien_la-liga-2014-2015.json"
"top20","club-career-red-cards","provisional","player","Tarjetas rojas globales en clubes","rs_562b15ab2bb831b906846acb","draft","src_eec28a0333d474df7ca0e0e7","schochastics-football-data-incidents","review_required","false","false","","","","","","","","","","","12","uefa:player:50618ab0ec1e5af0f26c094e","uefa:player:50618ab0ec1e5af0f26c094e","Sérgio Conceição","Sérgio Conceição","7","12","5","canonical","false","unavailable","https://github.com/schochastics/football-data; https://raw.githubusercontent.com/schochastics/football-data/6ba5e7e8f8657b6ccdeb0e89778765423f8d5aaf/data/goals_time2/italien_serie-a-2003-2004.json; https://raw.githubusercontent.com/schochastics/football-data/6ba5e7e8f8657b6ccdeb0e89778765423f8d5aaf/data/goals_time2/italien_serie-a-2024-2025.json; https://raw.githubusercontent.com/schochastics/football-data/6ba5e7e8f8657b6ccdeb0e89778765423f8d5aaf/data/goals_time2/portugal_liga-portugal-2020-2021.json; https://raw.githubusercontent.com/schochastics/football-data/6ba5e7e8f8657b6ccdeb0e89778765423f8d5aaf/data/goals_time2/portugal_liga-portugal-2022-2023.json"
"category","club-career-titles","provisional","player","Títulos globales en clubes (carrera)","rs_9db3675a17b09bda84327786","draft","src_097b910505966e4f2ec6003c","api-football","review_required","false","false","200","200","200","200","0","0","0","200","licensed","coverage_incomplete; declared_200_incomplete; temporal_window_not_declared; global_label_overclaims_scope; source_rights_not_approved","","","","","","","","","","","",""
"top20","club-career-titles","provisional","player","Títulos globales en clubes (carrera)","rs_9db3675a17b09bda84327786","draft","src_097b910505966e4f2ec6003c","api-football","review_required","false","false","","","","","","","","","","","1","dfb:bundesliga:player:c50065a141a513c2431d1c08","dfb:bundesliga:player:c50065a141a513c2431d1c08","Thomas Müller","Thomas Müller","13","1","1","canonical","true","licensed","https://v3.football.api-sports.io/players; https://v3.football.api-sports.io/trophies"
"top20","club-career-titles","provisional","player","Títulos globales en clubes (carrera)","rs_9db3675a17b09bda84327786","draft","src_097b910505966e4f2ec6003c","api-football","review_required","false","false","","","","","","","","","","","2","api-football:player:505","api-football:player:505","David Alaba","David Alaba","12","2","2","canonical","true","licensed","https://v3.football.api-sports.io/players; https://v3.football.api-sports.io/trophies"
"top20","club-career-titles","provisional","player","Títulos globales en clubes (carrera)","rs_9db3675a17b09bda84327786","draft","src_097b910505966e4f2ec6003c","api-football","review_required","false","false","","","","","","","","","","","2","api-football:player:521","api-football:player:521","Robert Lewandowski","Robert Lewandowski","12","2","2","canonical","true","licensed","https://v3.football.api-sports.io/players; https://v3.football.api-sports.io/trophies"
"top20","club-career-titles","provisional","player","Títulos globales en clubes (carrera)","rs_9db3675a17b09bda84327786","draft","src_097b910505966e4f2ec6003c","api-football","review_required","false","false","","","","","","","","","","","2","france-football:player:21740","france-football:player:21740","Lionel Messi","Lionel Messi","12","2","2","canonical","true","licensed","https://v3.football.api-sports.io/players; https://v3.football.api-sports.io/trophies"
"top20","club-career-titles","provisional","player","Títulos globales en clubes (carrera)","rs_9db3675a17b09bda84327786","draft","src_097b910505966e4f2ec6003c","api-football","review_required","false","false","","","","","","","","","","","2","rsssf:goalkeeper:player:695368e714433174e8efc28f","rsssf:goalkeeper:player:695368e714433174e8efc28f","Manuel Neuer","Manuel Neuer","12","2","2","canonical","true","licensed","https://v3.football.api-sports.io/players; https://v3.football.api-sports.io/trophies"
"top20","club-career-titles","provisional","player","Títulos globales en clubes (carrera)","rs_9db3675a17b09bda84327786","draft","src_097b910505966e4f2ec6003c","api-football","review_required","false","false","","","","","","","","","","","2","rsssf:goalkeeper:player:f4960f23c064aa35277cf0fd","rsssf:goalkeeper:player:f4960f23c064aa35277cf0fd","Gianluigi Buffon","Gianluigi Buffon","12","2","2","canonical","true","licensed","https://v3.football.api-sports.io/players; https://v3.football.api-sports.io/trophies"
"top20","club-career-titles","provisional","player","Títulos globales en clubes (carrera)","rs_9db3675a17b09bda84327786","draft","src_097b910505966e4f2ec6003c","api-football","review_required","false","false","","","","","","","","","","","2","uefa:player:9dd7414d3afc32b570e18447","uefa:player:9dd7414d3afc32b570e18447","Kingsley Coman","Kingsley Coman","12","2","2","canonical","true","licensed","https://v3.football.api-sports.io/players; https://v3.football.api-sports.io/trophies"
"top20","club-career-titles","provisional","player","Títulos globales en clubes (carrera)","rs_9db3675a17b09bda84327786","draft","src_097b910505966e4f2ec6003c","api-football","review_required","false","false","","","","","","","","","","","8","pl:player:2658","pl:player:2658","Arjen Robben","Arjen Robben","11","8","3","canonical","true","licensed","https://v3.football.api-sports.io/players; https://v3.football.api-sports.io/trophies"
"top20","club-career-titles","provisional","player","Títulos globales en clubes (carrera)","rs_9db3675a17b09bda84327786","draft","src_097b910505966e4f2ec6003c","api-football","review_required","false","false","","","","","","","","","","","8","pl:player:5264","pl:player:5264","Thiago Alcântara","Thiago Alcântara","11","8","3","canonical","true","licensed","https://v3.football.api-sports.io/players; https://v3.football.api-sports.io/trophies"
"top20","club-career-titles","provisional","player","Títulos globales en clubes (carrera)","rs_9db3675a17b09bda84327786","draft","src_097b910505966e4f2ec6003c","api-football","review_required","false","false","","","","","","","","","","","8","pl:player:5772","pl:player:5772","Zlatan Ibrahimović","Zlatan Ibrahimović","11","8","3","canonical","true","licensed","https://v3.football.api-sports.io/players; https://v3.football.api-sports.io/trophies"
"top20","club-career-titles","provisional","player","Títulos globales en clubes (carrera)","rs_9db3675a17b09bda84327786","draft","src_097b910505966e4f2ec6003c","api-football","review_required","false","false","","","","","","","","","","","11","api-football:player:257","api-football:player:257","Marquinhos","Marquinhos","10","11","4","canonical","true","licensed","https://v3.football.api-sports.io/players; https://v3.football.api-sports.io/trophies"
"top20","club-career-titles","provisional","player","Títulos globales en clubes (carrera)","rs_9db3675a17b09bda84327786","draft","src_097b910505966e4f2ec6003c","api-football","review_required","false","false","","","","","","","","","","","11","uefa:player:45cc49428ab671e0a5fd3ddf","uefa:player:45cc49428ab671e0a5fd3ddf","David Beckham","David Beckham","10","11","4","canonical","true","licensed","https://v3.football.api-sports.io/players; https://v3.football.api-sports.io/trophies"
"top20","club-career-titles","provisional","player","Títulos globales en clubes (carrera)","rs_9db3675a17b09bda84327786","draft","src_097b910505966e4f2ec6003c","api-football","review_required","false","false","","","","","","","","","","","11","uefa:player:bb9f1f625b083d518d3c331f","uefa:player:bb9f1f625b083d518d3c331f","Douglas Costa","Douglas Costa","10","11","4","canonical","true","licensed","https://v3.football.api-sports.io/players; https://v3.football.api-sports.io/trophies"
"top20","club-career-titles","provisional","player","Títulos globales en clubes (carrera)","rs_9db3675a17b09bda84327786","draft","src_097b910505966e4f2ec6003c","api-football","review_required","false","false","","","","","","","","","","","14","bdfutbol:ligue-1:player:2fc2a83b0b238889e1ebbfd0","bdfutbol:ligue-1:player:2fc2a83b0b238889e1ebbfd0","Marco Verratti","Marco Verratti","9","14","5","canonical","true","licensed","https://v3.football.api-sports.io/players; https://v3.football.api-sports.io/trophies"
"top20","club-career-titles","provisional","player","Títulos globales en clubes (carrera)","rs_9db3675a17b09bda84327786","draft","src_097b910505966e4f2ec6003c","api-football","review_required","false","false","","","","","","","","","","","14","dfb:bundesliga:player:41d6e1b1fed8be03527f65c5","dfb:bundesliga:player:41d6e1b1fed8be03527f65c5","Franck Ribéry","Franck Ribéry","9","14","5","canonical","true","licensed","https://v3.football.api-sports.io/players; https://v3.football.api-sports.io/trophies"
"top20","club-career-titles","provisional","player","Títulos globales en clubes (carrera)","rs_9db3675a17b09bda84327786","draft","src_097b910505966e4f2ec6003c","api-football","review_required","false","false","","","","","","","","","","","14","statbunker:world-cup:player:17798","statbunker:world-cup:player:17798","Andres Iniesta","Andres Iniesta","9","14","5","canonical","true","licensed","https://v3.football.api-sports.io/players; https://v3.football.api-sports.io/trophies"
"top20","club-career-titles","provisional","player","Títulos globales en clubes (carrera)","rs_9db3675a17b09bda84327786","draft","src_097b910505966e4f2ec6003c","api-football","review_required","false","false","","","","","","","","","","","14","statbunker:world-cup:player:51549","statbunker:world-cup:player:51549","Joshua Kimmich","Joshua Kimmich","9","14","5","canonical","true","licensed","https://v3.football.api-sports.io/players; https://v3.football.api-sports.io/trophies"
"top20","club-career-titles","provisional","player","Títulos globales en clubes (carrera)","rs_9db3675a17b09bda84327786","draft","src_097b910505966e4f2ec6003c","api-football","review_required","false","false","","","","","","","","","","","14","uefa:player:1601e4465f02a1aa432c598c","uefa:player:1601e4465f02a1aa432c598c","Arturo Vidal","Arturo Vidal","9","14","5","canonical","true","licensed","https://v3.football.api-sports.io/players; https://v3.football.api-sports.io/trophies"
"top20","club-career-titles","provisional","player","Títulos globales en clubes (carrera)","rs_9db3675a17b09bda84327786","draft","src_097b910505966e4f2ec6003c","api-football","review_required","false","false","","","","","","","","","","","14","uefa:player:8f6fac652ae6c25f3e390e84","uefa:player:8f6fac652ae6c25f3e390e84","Piqué","Piqué","9","14","5","canonical","true","licensed","https://v3.football.api-sports.io/players; https://v3.football.api-sports.io/trophies"
"top20","club-career-titles","provisional","player","Títulos globales en clubes (carrera)","rs_9db3675a17b09bda84327786","draft","src_097b910505966e4f2ec6003c","api-football","review_required","false","false","","","","","","","","","","","14","uefa:player:939807950a67803b6489e76a","uefa:player:939807950a67803b6489e76a","Dani Alves","Dani Alves","9","14","5","canonical","true","licensed","https://v3.football.api-sports.io/players; https://v3.football.api-sports.io/trophies"
"category","club-career-yellow-cards","provisional","player","Tarjetas amarillas globales en clubes","rs_5895851333bc943b6e468ed0","draft","src_3129c29b99f9dd5e4f3f415b","schochastics-football-data-incidents","review_required","false","false","200","200","200","200","0","0","0","88","mixed","coverage_incomplete; declared_200_incomplete; temporal_window_not_declared; global_label_overclaims_scope; source_rights_not_approved; top20_visual_assets_not_licensed","","","","","","","","","","","",""
"top20","club-career-yellow-cards","provisional","player","Tarjetas amarillas globales en clubes","rs_5895851333bc943b6e468ed0","draft","src_3129c29b99f9dd5e4f3f415b","schochastics-football-data-incidents","review_required","false","false","","","","","","","","","","","1","football-data:player:garcia-r","football-data:player:garcia-r","Garcia R.","Garcia R.","212","1","1","canonical","false","fallback","https://github.com/schochastics/football-data; https://raw.githubusercontent.com/schochastics/football-data/6ba5e7e8f8657b6ccdeb0e89778765423f8d5aaf/data/goals_time2/england_premier-league-2008-2009.json; https://raw.githubusercontent.com/schochastics/football-data/6ba5e7e8f8657b6ccdeb0e89778765423f8d5aaf/data/goals_time2/england_premier-league-2009-2010.json; https://raw.githubusercontent.com/schochastics/football-data/6ba5e7e8f8657b6ccdeb0e89778765423f8d5aaf/data/goals_time2/frankreich_ligue-1-2020-2021.json; https://raw.githubusercontent.com/schochastics/football-data/6ba5e7e8f8657b6ccdeb0e89778765423f8d5aaf/data/goals_time2/italien_serie-a-2023-2024.json; https://raw.githubusercontent.com/schochastics/football-data/6ba5e7e8f8657b6ccdeb0e89778765423f8d5aaf/data/goals_time2/spanien_la-liga-2003-2004.json; https://raw.githubusercontent.com/schochastics/football-data/6ba5e7e8f8657b6ccdeb0e89778765423f8d5aaf/data/goals_time2/spanien_la-liga-2004-2005.json; https://raw.githubusercontent.com/schochastics/football-data/6ba5e7e8f8657b6ccdeb0e89778765423f8d5aaf/data/goals_time2/spanien_la-liga-2005-2006.json; https://raw.githubusercontent.com/schochastics/football-data/6ba5e7e8f8657b6ccdeb0e89778765423f8d5aaf/data/goals_time2/spanien_la-liga-2006-2007.json; https://raw.githubusercontent.com/schochastics/football-data/6ba5e7e8f8657b6ccdeb0e89778765423f8d5aaf/data/goals_time2/spanien_la-liga-2007-2008.json; https://raw.githubusercontent.com/schochastics/football-data/6ba5e7e8f8657b6ccdeb0e89778765423f8d5aaf/data/goals_time2/spanien_la-liga-2008-2009.json; https://raw.githubusercontent.com/schochastics/football-data/6ba5e7e8f8657b6ccdeb0e89778765423f8d5aaf/data/goals_time2/spanien_la-liga-2009-2010.json; https://raw.githubusercontent.com/schochastics/football-data/6ba5e7e8f8657b6ccdeb0e89778765423f8d5aaf/data/goals_time2/spanien_la-liga-2010-2011.json; https://raw.githubusercontent.com/schochastics/football-data/6ba5e7e8f8657b6ccdeb0e89778765423f8d5aaf/data/goals_time2/spanien_la-liga-2011-2012.json; https://raw.githubusercontent.com/schochastics/football-data/6ba5e7e8f8657b6ccdeb0e89778765423f8d5aaf/data/goals_time2/spanien_la-liga-2012-2013.json; https://raw.githubusercontent.com/schochastics/football-data/6ba5e7e8f8657b6ccdeb0e89778765423f8d5aaf/data/goals_time2/spanien_la-liga-2013-2014.json; https://raw.githubusercontent.com/schochastics/football-data/6ba5e7e8f8657b6ccdeb0e89778765423f8d5aaf/data/goals_time2/spanien_la-liga-2014-2015.json; https://raw.githubusercontent.com/schochastics/football-data/6ba5e7e8f8657b6ccdeb0e89778765423f8d5aaf/data/goals_time2/spanien_la-liga-2015-2016.json; https://raw.githubusercontent.com/schochastics/football-data/6ba5e7e8f8657b6ccdeb0e89778765423f8d5aaf/data/goals_time2/spanien_la-liga-2016-2017.json; https://raw.githubusercontent.com/schochastics/football-data/6ba5e7e8f8657b6ccdeb0e89778765423f8d5aaf/data/goals_time2/spanien_la-liga-2017-2018.json; https://raw.githubusercontent.com/schochastics/football-data/6ba5e7e8f8657b6ccdeb0e89778765423f8d5aaf/data/goals_time2/spanien_la-liga-2018-2019.json; https://raw.githubusercontent.com/schochastics/football-data/6ba5e7e8f8657b6ccdeb0e89778765423f8d5aaf/data/goals_time2/spanien_la-liga-2019-2020.json; https://raw.githubusercontent.com/schochastics/football-data/6ba5e7e8f8657b6ccdeb0e89778765423f8d5aaf/data/goals_time2/spanien_la-liga-2020-2021.json; https://raw.githubusercontent.com/schochastics/football-data/6ba5e7e8f8657b6ccdeb0e89778765423f8d5aaf/data/goals_time2/spanien_la-liga-2021-2022.json; https://raw.githubusercontent.com/schochastics/football-data/6ba5e7e8f8657b6ccdeb0e89778765423f8d5aaf/data/goals_time2/spanien_la-liga-2022-2023.json; https://raw.githubusercontent.com/schochastics/football-data/6ba5e7e8f8657b6ccdeb0e89778765423f8d5aaf/data/goals_time2/spanien_la-liga-2023-2024.json; https://raw.githubusercontent.com/schochastics/football-data/6ba5e7e8f8657b6ccdeb0e89778765423f8d5aaf/data/goals_time2/spanien_la-liga-2024-2025.json"
"top20","club-career-yellow-cards","provisional","player","Tarjetas amarillas globales en clubes","rs_5895851333bc943b6e468ed0","draft","src_3129c29b99f9dd5e4f3f415b","schochastics-football-data-incidents","review_required","false","false","","","","","","","","","","","2","api-football:player:47281","api-football:player:47281","Dani García","Dani García","186","2","2","canonical","true","pending","https://github.com/schochastics/football-data; https://raw.githubusercontent.com/schochastics/football-data/6ba5e7e8f8657b6ccdeb0e89778765423f8d5aaf/data/goals_time2/spanien_la-liga-2003-2004.json; https://raw.githubusercontent.com/schochastics/football-data/6ba5e7e8f8657b6ccdeb0e89778765423f8d5aaf/data/goals_time2/spanien_la-liga-2004-2005.json; https://raw.githubusercontent.com/schochastics/football-data/6ba5e7e8f8657b6ccdeb0e89778765423f8d5aaf/data/goals_time2/spanien_la-liga-2005-2006.json; https://raw.githubusercontent.com/schochastics/football-data/6ba5e7e8f8657b6ccdeb0e89778765423f8d5aaf/data/goals_time2/spanien_la-liga-2006-2007.json; https://raw.githubusercontent.com/schochastics/football-data/6ba5e7e8f8657b6ccdeb0e89778765423f8d5aaf/data/goals_time2/spanien_la-liga-2007-2008.json; https://raw.githubusercontent.com/schochastics/football-data/6ba5e7e8f8657b6ccdeb0e89778765423f8d5aaf/data/goals_time2/spanien_la-liga-2008-2009.json; https://raw.githubusercontent.com/schochastics/football-data/6ba5e7e8f8657b6ccdeb0e89778765423f8d5aaf/data/goals_time2/spanien_la-liga-2009-2010.json; https://raw.githubusercontent.com/schochastics/football-data/6ba5e7e8f8657b6ccdeb0e89778765423f8d5aaf/data/goals_time2/spanien_la-liga-2010-2011.json; https://raw.githubusercontent.com/schochastics/football-data/6ba5e7e8f8657b6ccdeb0e89778765423f8d5aaf/data/goals_time2/spanien_la-liga-2014-2015.json; https://raw.githubusercontent.com/schochastics/football-data/6ba5e7e8f8657b6ccdeb0e89778765423f8d5aaf/data/goals_time2/spanien_la-liga-2015-2016.json; https://raw.githubusercontent.com/schochastics/football-data/6ba5e7e8f8657b6ccdeb0e89778765423f8d5aaf/data/goals_time2/spanien_la-liga-2016-2017.json; https://raw.githubusercontent.com/schochastics/football-data/6ba5e7e8f8657b6ccdeb0e89778765423f8d5aaf/data/goals_time2/spanien_la-liga-2017-2018.json; https://raw.githubusercontent.com/schochastics/football-data/6ba5e7e8f8657b6ccdeb0e89778765423f8d5aaf/data/goals_time2/spanien_la-liga-2018-2019.json; https://raw.githubusercontent.com/schochastics/football-data/6ba5e7e8f8657b6ccdeb0e89778765423f8d5aaf/data/goals_time2/spanien_la-liga-2019-2020.json; https://raw.githubusercontent.com/schochastics/football-data/6ba5e7e8f8657b6ccdeb0e89778765423f8d5aaf/data/goals_time2/spanien_la-liga-2020-2021.json; https://raw.githubusercontent.com/schochastics/football-data/6ba5e7e8f8657b6ccdeb0e89778765423f8d5aaf/data/goals_time2/spanien_la-liga-2021-2022.json; https://raw.githubusercontent.com/schochastics/football-data/6ba5e7e8f8657b6ccdeb0e89778765423f8d5aaf/data/goals_time2/spanien_la-liga-2022-2023.json; https://raw.githubusercontent.com/schochastics/football-data/6ba5e7e8f8657b6ccdeb0e89778765423f8d5aaf/data/goals_time2/spanien_la-liga-2023-2024.json; https://raw.githubusercontent.com/schochastics/football-data/6ba5e7e8f8657b6ccdeb0e89778765423f8d5aaf/data/goals_time2/spanien_la-liga-2024-2025.json"
"top20","club-career-yellow-cards","provisional","player","Tarjetas amarillas globales en clubes","rs_5895851333bc943b6e468ed0","draft","src_3129c29b99f9dd5e4f3f415b","schochastics-football-data-incidents","review_required","false","false","","","","","","","","","","","3","uefa:player:04cf3fda53c4035a29db57f9","uefa:player:04cf3fda53c4035a29db57f9","Sergio Ramos","Sergio Ramos","181","3","3","canonical","true","licensed","https://github.com/schochastics/football-data; https://raw.githubusercontent.com/schochastics/football-data/6ba5e7e8f8657b6ccdeb0e89778765423f8d5aaf/data/goals_time2/frankreich_ligue-1-2021-2022.json; https://raw.githubusercontent.com/schochastics/football-data/6ba5e7e8f8657b6ccdeb0e89778765423f8d5aaf/data/goals_time2/frankreich_ligue-1-2022-2023.json; https://raw.githubusercontent.com/schochastics/football-data/6ba5e7e8f8657b6ccdeb0e89778765423f8d5aaf/data/goals_time2/spanien_la-liga-2003-2004.json; https://raw.githubusercontent.com/schochastics/football-data/6ba5e7e8f8657b6ccdeb0e89778765423f8d5aaf/data/goals_time2/spanien_la-liga-2004-2005.json; https://raw.githubusercontent.com/schochastics/football-data/6ba5e7e8f8657b6ccdeb0e89778765423f8d5aaf/data/goals_time2/spanien_la-liga-2005-2006.json; https://raw.githubusercontent.com/schochastics/football-data/6ba5e7e8f8657b6ccdeb0e89778765423f8d5aaf/data/goals_time2/spanien_la-liga-2006-2007.json; https://raw.githubusercontent.com/schochastics/football-data/6ba5e7e8f8657b6ccdeb0e89778765423f8d5aaf/data/goals_time2/spanien_la-liga-2007-2008.json; https://raw.githubusercontent.com/schochastics/football-data/6ba5e7e8f8657b6ccdeb0e89778765423f8d5aaf/data/goals_time2/spanien_la-liga-2008-2009.json; https://raw.githubusercontent.com/schochastics/football-data/6ba5e7e8f8657b6ccdeb0e89778765423f8d5aaf/data/goals_time2/spanien_la-liga-2009-2010.json; https://raw.githubusercontent.com/schochastics/football-data/6ba5e7e8f8657b6ccdeb0e89778765423f8d5aaf/data/goals_time2/spanien_la-liga-2010-2011.json; https://raw.githubusercontent.com/schochastics/football-data/6ba5e7e8f8657b6ccdeb0e89778765423f8d5aaf/data/goals_time2/spanien_la-liga-2011-2012.json; https://raw.githubusercontent.com/schochastics/football-data/6ba5e7e8f8657b6ccdeb0e89778765423f8d5aaf/data/goals_time2/spanien_la-liga-2012-2013.json; https://raw.githubusercontent.com/schochastics/football-data/6ba5e7e8f8657b6ccdeb0e89778765423f8d5aaf/data/goals_time2/spanien_la-liga-2013-2014.json; https://raw.githubusercontent.com/schochastics/football-data/6ba5e7e8f8657b6ccdeb0e89778765423f8d5aaf/data/goals_time2/spanien_la-liga-2014-2015.json; https://raw.githubusercontent.com/schochastics/football-data/6ba5e7e8f8657b6ccdeb0e89778765423f8d5aaf/data/goals_time2/spanien_la-liga-2015-2016.json; https://raw.githubusercontent.com/schochastics/football-data/6ba5e7e8f8657b6ccdeb0e89778765423f8d5aaf/data/goals_time2/spanien_la-liga-2016-2017.json; https://raw.githubusercontent.com/schochastics/football-data/6ba5e7e8f8657b6ccdeb0e89778765423f8d5aaf/data/goals_time2/spanien_la-liga-2017-2018.json; https://raw.githubusercontent.com/schochastics/football-data/6ba5e7e8f8657b6ccdeb0e89778765423f8d5aaf/data/goals_time2/spanien_la-liga-2018-2019.json; https://raw.githubusercontent.com/schochastics/football-data/6ba5e7e8f8657b6ccdeb0e89778765423f8d5aaf/data/goals_time2/spanien_la-liga-2019-2020.json; https://raw.githubusercontent.com/schochastics/football-data/6ba5e7e8f8657b6ccdeb0e89778765423f8d5aaf/data/goals_time2/spanien_la-liga-2020-2021.json; https://raw.githubusercontent.com/schochastics/football-data/6ba5e7e8f8657b6ccdeb0e89778765423f8d5aaf/data/goals_time2/spanien_la-liga-2023-2024.json"
"top20","club-career-yellow-cards","provisional","player","Tarjetas amarillas globales en clubes","rs_5895851333bc943b6e468ed0","draft","src_3129c29b99f9dd5e4f3f415b","schochastics-football-data-incidents","review_required","false","false","","","","","","","","","","","4","football-data:player:suarez-d","football-data:player:suarez-d","Suarez D.","Suarez D.","167","4","4","canonical","false","fallback","https://github.com/schochastics/football-data; https://raw.githubusercontent.com/schochastics/football-data/6ba5e7e8f8657b6ccdeb0e89778765423f8d5aaf/data/goals_time2/frankreich_ligue-1-2004-2005.json; https://raw.githubusercontent.com/schochastics/football-data/6ba5e7e8f8657b6ccdeb0e89778765423f8d5aaf/data/goals_time2/polen_ekstraklasa-2017-2018.json; https://raw.githubusercontent.com/schochastics/football-data/6ba5e7e8f8657b6ccdeb0e89778765423f8d5aaf/data/goals_time2/polen_ekstraklasa-2018-2019.json; https://raw.githubusercontent.com/schochastics/football-data/6ba5e7e8f8657b6ccdeb0e89778765423f8d5aaf/data/goals_time2/spanien_la-liga-2011-2012.json; https://raw.githubusercontent.com/schochastics/football-data/6ba5e7e8f8657b6ccdeb0e89778765423f8d5aaf/data/goals_time2/spanien_la-liga-2013-2014.json; https://raw.githubusercontent.com/schochastics/football-data/6ba5e7e8f8657b6ccdeb0e89778765423f8d5aaf/data/goals_time2/spanien_la-liga-2014-2015.json; https://raw.githubusercontent.com/schochastics/football-data/6ba5e7e8f8657b6ccdeb0e89778765423f8d5aaf/data/goals_time2/spanien_la-liga-2015-2016.json; https://raw.githubusercontent.com/schochastics/football-data/6ba5e7e8f8657b6ccdeb0e89778765423f8d5aaf/data/goals_time2/spanien_la-liga-2016-2017.json; https://raw.githubusercontent.com/schochastics/football-data/6ba5e7e8f8657b6ccdeb0e89778765423f8d5aaf/data/goals_time2/spanien_la-liga-2017-2018.json; https://raw.githubusercontent.com/schochastics/football-data/6ba5e7e8f8657b6ccdeb0e89778765423f8d5aaf/data/goals_time2/spanien_la-liga-2018-2019.json; https://raw.githubusercontent.com/schochastics/football-data/6ba5e7e8f8657b6ccdeb0e89778765423f8d5aaf/data/goals_time2/spanien_la-liga-2019-2020.json; https://raw.githubusercontent.com/schochastics/football-data/6ba5e7e8f8657b6ccdeb0e89778765423f8d5aaf/data/goals_time2/spanien_la-liga-2020-2021.json; https://raw.githubusercontent.com/schochastics/football-data/6ba5e7e8f8657b6ccdeb0e89778765423f8d5aaf/data/goals_time2/spanien_la-liga-2021-2022.json; https://raw.githubusercontent.com/schochastics/football-data/6ba5e7e8f8657b6ccdeb0e89778765423f8d5aaf/data/goals_time2/spanien_la-liga-2022-2023.json; https://raw.githubusercontent.com/schochastics/football-data/6ba5e7e8f8657b6ccdeb0e89778765423f8d5aaf/data/goals_time2/spanien_la-liga-2023-2024.json"
"top20","club-career-yellow-cards","provisional","player","Tarjetas amarillas globales en clubes","rs_5895851333bc943b6e468ed0","draft","src_3129c29b99f9dd5e4f3f415b","schochastics-football-data-incidents","review_required","false","false","","","","","","","","","","","5","football-data:player:marcelo","football-data:player:marcelo","Marcelo","Marcelo","157","5","5","canonical","false","fallback","https://github.com/schochastics/football-data; https://raw.githubusercontent.com/schochastics/football-data/6ba5e7e8f8657b6ccdeb0e89778765423f8d5aaf/data/goals_time2/deutschland_bundesliga-2013-2014.json; https://raw.githubusercontent.com/schochastics/football-data/6ba5e7e8f8657b6ccdeb0e89778765423f8d5aaf/data/goals_time2/deutschland_bundesliga-2014-2015.json; https://raw.githubusercontent.com/schochastics/football-data/6ba5e7e8f8657b6ccdeb0e89778765423f8d5aaf/data/goals_time2/deutschland_bundesliga-2015-2016.json; https://raw.githubusercontent.com/schochastics/football-data/6ba5e7e8f8657b6ccdeb0e89778765423f8d5aaf/data/goals_time2/frankreich_ligue-1-2017-2018.json; https://raw.githubusercontent.com/schochastics/football-data/6ba5e7e8f8657b6ccdeb0e89778765423f8d5aaf/data/goals_time2/frankreich_ligue-1-2018-2019.json; https://raw.githubusercontent.com/schochastics/football-data/6ba5e7e8f8657b6ccdeb0e89778765423f8d5aaf/data/goals_time2/frankreich_ligue-1-2019-2020.json; https://raw.githubusercontent.com/schochastics/football-data/6ba5e7e8f8657b6ccdeb0e89778765423f8d5aaf/data/goals_time2/frankreich_ligue-1-2020-2021.json; https://raw.githubusercontent.com/schochastics/football-data/6ba5e7e8f8657b6ccdeb0e89778765423f8d5aaf/data/goals_time2/frankreich_ligue-1-2021-2022.json; https://raw.githubusercontent.com/schochastics/football-data/6ba5e7e8f8657b6ccdeb0e89778765423f8d5aaf/data/goals_time2/portugal_liga-portugal-2014-2015.json; https://raw.githubusercontent.com/schochastics/football-data/6ba5e7e8f8657b6ccdeb0e89778765423f8d5aaf/data/goals_time2/portugal_liga-portugal-2015-2016.json; https://raw.githubusercontent.com/schochastics/football-data/6ba5e7e8f8657b6ccdeb0e89778765423f8d5aaf/data/goals_time2/portugal_liga-portugal-2016-2017.json; https://raw.githubusercontent.com/schochastics/football-data/6ba5e7e8f8657b6ccdeb0e89778765423f8d5aaf/data/goals_time2/portugal_liga-portugal-2017-2018.json; https://raw.githubusercontent.com/schochastics/football-data/6ba5e7e8f8657b6ccdeb0e89778765423f8d5aaf/data/goals_time2/portugal_liga-portugal-2019-2020.json; https://raw.githubusercontent.com/schochastics/football-data/6ba5e7e8f8657b6ccdeb0e89778765423f8d5aaf/data/goals_time2/portugal_liga-portugal-2020-2021.json; https://raw.githubusercontent.com/schochastics/football-data/6ba5e7e8f8657b6ccdeb0e89778765423f8d5aaf/data/goals_time2/portugal_liga-portugal-2023-2024.json; https://raw.githubusercontent.com/schochastics/football-data/6ba5e7e8f8657b6ccdeb0e89778765423f8d5aaf/data/goals_time2/portugal_liga-portugal-2024-2025.json; https://raw.githubusercontent.com/schochastics/football-data/6ba5e7e8f8657b6ccdeb0e89778765423f8d5aaf/data/goals_time2/spanien_la-liga-2007-2008.json; https://raw.githubusercontent.com/schochastics/football-data/6ba5e7e8f8657b6ccdeb0e89778765423f8d5aaf/data/goals_time2/spanien_la-liga-2008-2009.json; https://raw.githubusercontent.com/schochastics/football-data/6ba5e7e8f8657b6ccdeb0e89778765423f8d5aaf/data/goals_time2/spanien_la-liga-2009-2010.json; https://raw.githubusercontent.com/schochastics/football-data/6ba5e7e8f8657b6ccdeb0e89778765423f8d5aaf/data/goals_time2/spanien_la-liga-2010-2011.json; https://raw.githubusercontent.com/schochastics/football-data/6ba5e7e8f8657b6ccdeb0e89778765423f8d5aaf/data/goals_time2/spanien_la-liga-2011-2012.json; https://raw.githubusercontent.com/schochastics/football-data/6ba5e7e8f8657b6ccdeb0e89778765423f8d5aaf/data/goals_time2/spanien_la-liga-2012-2013.json; https://raw.githubusercontent.com/schochastics/football-data/6ba5e7e8f8657b6ccdeb0e89778765423f8d5aaf/data/goals_time2/spanien_la-liga-2013-2014.json; https://raw.githubusercontent.com/schochastics/football-data/6ba5e7e8f8657b6ccdeb0e89778765423f8d5aaf/data/goals_time2/spanien_la-liga-2014-2015.json; https://raw.githubusercontent.com/schochastics/football-data/6ba5e7e8f8657b6ccdeb0e89778765423f8d5aaf/data/goals_time2/spanien_la-liga-2015-2016.json; https://raw.githubusercontent.com/schochastics/football-data/6ba5e7e8f8657b6ccdeb0e89778765423f8d5aaf/data/goals_time2/spanien_la-liga-2016-2017.json; https://raw.githubusercontent.com/schochastics/football-data/6ba5e7e8f8657b6ccdeb0e89778765423f8d5aaf/data/goals_time2/spanien_la-liga-2017-2018.json; https://raw.githubusercontent.com/schochastics/football-data/6ba5e7e8f8657b6ccdeb0e89778765423f8d5aaf/data/goals_time2/spanien_la-liga-2018-2019.json; https://raw.githubusercontent.com/schochastics/football-data/6ba5e7e8f8657b6ccdeb0e89778765423f8d5aaf/data/goals_time2/spanien_la-liga-2019-2020.json; https://raw.githubusercontent.com/schochastics/football-data/6ba5e7e8f8657b6ccdeb0e89778765423f8d5aaf/data/goals_time2/spanien_la-liga-2020-2021.json"
"top20","club-career-yellow-cards","provisional","player","Tarjetas amarillas globales en clubes","rs_5895851333bc943b6e468ed0","draft","src_3129c29b99f9dd5e4f3f415b","schochastics-football-data-incidents","review_required","false","false","","","","","","","","","","","6","football-data:player:vidal-a","football-data:player:vidal-a","Vidal A.","Vidal A.","150","6","6","canonical","false","fallback","https://github.com/schochastics/football-data; https://raw.githubusercontent.com/schochastics/football-data/6ba5e7e8f8657b6ccdeb0e89778765423f8d5aaf/data/goals_time2/deutschland_bundesliga-2007-2008.json; https://raw.githubusercontent.com/schochastics/football-data/6ba5e7e8f8657b6ccdeb0e89778765423f8d5aaf/data/goals_time2/deutschland_bundesliga-2008-2009.json; https://raw.githubusercontent.com/schochastics/football-data/6ba5e7e8f8657b6ccdeb0e89778765423f8d5aaf/data/goals_time2/deutschland_bundesliga-2009-2010.json; https://raw.githubusercontent.com/schochastics/football-data/6ba5e7e8f8657b6ccdeb0e89778765423f8d5aaf/data/goals_time2/deutschland_bundesliga-2010-2011.json; https://raw.githubusercontent.com/schochastics/football-data/6ba5e7e8f8657b6ccdeb0e89778765423f8d5aaf/data/goals_time2/deutschland_bundesliga-2015-2016.json; https://raw.githubusercontent.com/schochastics/football-data/6ba5e7e8f8657b6ccdeb0e89778765423f8d5aaf/data/goals_time2/deutschland_bundesliga-2016-2017.json; https://raw.githubusercontent.com/schochastics/football-data/6ba5e7e8f8657b6ccdeb0e89778765423f8d5aaf/data/goals_time2/deutschland_bundesliga-2017-2018.json; https://raw.githubusercontent.com/schochastics/football-data/6ba5e7e8f8657b6ccdeb0e89778765423f8d5aaf/data/goals_time2/italien_serie-a-2011-2012.json; https://raw.githubusercontent.com/schochastics/football-data/6ba5e7e8f8657b6ccdeb0e89778765423f8d5aaf/data/goals_time2/italien_serie-a-2012-2013.json; https://raw.githubusercontent.com/schochastics/football-data/6ba5e7e8f8657b6ccdeb0e89778765423f8d5aaf/data/goals_time2/italien_serie-a-2013-2014.json; https://raw.githubusercontent.com/schochastics/football-data/6ba5e7e8f8657b6ccdeb0e89778765423f8d5aaf/data/goals_time2/italien_serie-a-2014-2015.json; https://raw.githubusercontent.com/schochastics/football-data/6ba5e7e8f8657b6ccdeb0e89778765423f8d5aaf/data/goals_time2/italien_serie-a-2020-2021.json; https://raw.githubusercontent.com/schochastics/football-data/6ba5e7e8f8657b6ccdeb0e89778765423f8d5aaf/data/goals_time2/italien_serie-a-2021-2022.json; https://raw.githubusercontent.com/schochastics/football-data/6ba5e7e8f8657b6ccdeb0e89778765423f8d5aaf/data/goals_time2/spanien_la-liga-2013-2014.json; https://raw.githubusercontent.com/schochastics/football-data/6ba5e7e8f8657b6ccdeb0e89778765423f8d5aaf/data/goals_time2/spanien_la-liga-2014-2015.json; https://raw.githubusercontent.com/schochastics/football-data/6ba5e7e8f8657b6ccdeb0e89778765423f8d5aaf/data/goals_time2/spanien_la-liga-2015-2016.json; https://raw.githubusercontent.com/schochastics/football-data/6ba5e7e8f8657b6ccdeb0e89778765423f8d5aaf/data/goals_time2/spanien_la-liga-2018-2019.json; https://raw.githubusercontent.com/schochastics/football-data/6ba5e7e8f8657b6ccdeb0e89778765423f8d5aaf/data/goals_time2/spanien_la-liga-2019-2020.json; https://raw.githubusercontent.com/schochastics/football-data/6ba5e7e8f8657b6ccdeb0e89778765423f8d5aaf/data/goals_time2/spanien_la-liga-2020-2021.json; https://raw.githubusercontent.com/schochastics/football-data/6ba5e7e8f8657b6ccdeb0e89778765423f8d5aaf/data/goals_time2/spanien_la-liga-2021-2022.json; https://raw.githubusercontent.com/schochastics/football-data/6ba5e7e8f8657b6ccdeb0e89778765423f8d5aaf/data/goals_time2/spanien_la-liga-2022-2023.json"
"top20","club-career-yellow-cards","provisional","player","Tarjetas amarillas globales en clubes","rs_5895851333bc943b6e468ed0","draft","src_3129c29b99f9dd5e4f3f415b","schochastics-football-data-incidents","review_required","false","false","","","","","","","","","","","7","football-data:player:rodriguez-j","football-data:player:rodriguez-j","Rodriguez J.","Rodriguez J.","149","7","7","canonical","false","fallback","https://github.com/schochastics/football-data; https://raw.githubusercontent.com/schochastics/football-data/6ba5e7e8f8657b6ccdeb0e89778765423f8d5aaf/data/goals_time2/belgien_jupiler-league-2015-2016.json; https://raw.githubusercontent.com/schochastics/football-data/6ba5e7e8f8657b6ccdeb0e89778765423f8d5aaf/data/goals_time2/belgien_jupiler-league-2022-2023.json; https://raw.githubusercontent.com/schochastics/football-data/6ba5e7e8f8657b6ccdeb0e89778765423f8d5aaf/data/goals_time2/deutschland_bundesliga-2017-2018.json; https://raw.githubusercontent.com/schochastics/football-data/6ba5e7e8f8657b6ccdeb0e89778765423f8d5aaf/data/goals_time2/deutschland_bundesliga-2018-2019.json; https://raw.githubusercontent.com/schochastics/football-data/6ba5e7e8f8657b6ccdeb0e89778765423f8d5aaf/data/goals_time2/england_premier-league-2012-2013.json; https://raw.githubusercontent.com/schochastics/football-data/6ba5e7e8f8657b6ccdeb0e89778765423f8d5aaf/data/goals_time2/england_premier-league-2013-2014.json; https://raw.githubusercontent.com/schochastics/football-data/6ba5e7e8f8657b6ccdeb0e89778765423f8d5aaf/data/goals_time2/england_premier-league-2015-2016.json; https://raw.githubusercontent.com/schochastics/football-data/6ba5e7e8f8657b6ccdeb0e89778765423f8d5aaf/data/goals_time2/england_premier-league-2017-2018.json; https://raw.githubusercontent.com/schochastics/football-data/6ba5e7e8f8657b6ccdeb0e89778765423f8d5aaf/data/goals_time2/england_premier-league-2019-2020.json; https://raw.githubusercontent.com/schochastics/football-data/6ba5e7e8f8657b6ccdeb0e89778765423f8d5aaf/data/goals_time2/england_premier-league-2020-2021.json; https://raw.githubusercontent.com/schochastics/football-data/6ba5e7e8f8657b6ccdeb0e89778765423f8d5aaf/data/goals_time2/england_premier-league-2021-2022.json; https://raw.githubusercontent.com/schochastics/football-data/6ba5e7e8f8657b6ccdeb0e89778765423f8d5aaf/data/goals_time2/frankreich_ligue-1-2004-2005.json; https://raw.githubusercontent.com/schochastics/football-data/6ba5e7e8f8657b6ccdeb0e89778765423f8d5aaf/data/goals_time2/frankreich_ligue-1-2006-2007.json; https://raw.githubusercontent.com/schochastics/football-data/6ba5e7e8f8657b6ccdeb0e89778765423f8d5aaf/data/goals_time2/frankreich_ligue-1-2007-2008.json; https://raw.githubusercontent.com/schochastics/football-data/6ba5e7e8f8657b6ccdeb0e89778765423f8d5aaf/data/goals_time2/frankreich_ligue-1-2008-2009.json; https://raw.githubusercontent.com/schochastics/football-data/6ba5e7e8f8657b6ccdeb0e89778765423f8d5aaf/data/goals_time2/frankreich_ligue-1-2013-2014.json; https://raw.githubusercontent.com/schochastics/football-data/6ba5e7e8f8657b6ccdeb0e89778765423f8d5aaf/data/goals_time2/frankreich_ligue-1-2014-2015.json; https://raw.githubusercontent.com/schochastics/football-data/6ba5e7e8f8657b6ccdeb0e89778765423f8d5aaf/data/goals_time2/niederlande_eredivisie-2018-2019.json; https://raw.githubusercontent.com/schochastics/football-data/6ba5e7e8f8657b6ccdeb0e89778765423f8d5aaf/data/goals_time2/spanien_la-liga-2004-2005.json; https://raw.githubusercontent.com/schochastics/football-data/6ba5e7e8f8657b6ccdeb0e89778765423f8d5aaf/data/goals_time2/spanien_la-liga-2005-2006.json; https://raw.githubusercontent.com/schochastics/football-data/6ba5e7e8f8657b6ccdeb0e89778765423f8d5aaf/data/goals_time2/spanien_la-liga-2006-2007.json; https://raw.githubusercontent.com/schochastics/football-data/6ba5e7e8f8657b6ccdeb0e89778765423f8d5aaf/data/goals_time2/spanien_la-liga-2007-2008.json; https://raw.githubusercontent.com/schochastics/football-data/6ba5e7e8f8657b6ccdeb0e89778765423f8d5aaf/data/goals_time2/spanien_la-liga-2008-2009.json; https://raw.githubusercontent.com/schochastics/football-data/6ba5e7e8f8657b6ccdeb0e89778765423f8d5aaf/data/goals_time2/spanien_la-liga-2009-2010.json; https://raw.githubusercontent.com/schochastics/football-data/6ba5e7e8f8657b6ccdeb0e89778765423f8d5aaf/data/goals_time2/spanien_la-liga-2010-2011.json; https://raw.githubusercontent.com/schochastics/football-data/6ba5e7e8f8657b6ccdeb0e89778765423f8d5aaf/data/goals_time2/spanien_la-liga-2011-2012.json; https://raw.githubusercontent.com/schochastics/football-data/6ba5e7e8f8657b6ccdeb0e89778765423f8d5aaf/data/goals_time2/spanien_la-liga-2012-2013.json; https://raw.githubusercontent.com/schochastics/football-data/6ba5e7e8f8657b6ccdeb0e89778765423f8d5aaf/data/goals_time2/spanien_la-liga-2013-2014.json; https://raw.githubusercontent.com/schochastics/football-data/6ba5e7e8f8657b6ccdeb0e89778765423f8d5aaf/data/goals_time2/spanien_la-liga-2014-2015.json; https://raw.githubusercontent.com/schochastics/football-data/6ba5e7e8f8657b6ccdeb0e89778765423f8d5aaf/data/goals_time2/spanien_la-liga-2015-2016.json; https://raw.githubusercontent.com/schochastics/football-data/6ba5e7e8f8657b6ccdeb0e89778765423f8d5aaf/data/goals_time2/spanien_la-liga-2016-2017.json; https://raw.githubusercontent.com/schochastics/football-data/6ba5e7e8f8657b6ccdeb0e89778765423f8d5aaf/data/goals_time2/spanien_la-liga-2019-2020.json; https://raw.githubusercontent.com/schochastics/football-data/6ba5e7e8f8657b6ccdeb0e89778765423f8d5aaf/data/goals_time2/spanien_la-liga-2024-2025.json"
"top20","club-career-yellow-cards","provisional","player","Tarjetas amarillas globales en clubes","rs_5895851333bc943b6e468ed0","draft","src_3129c29b99f9dd5e4f3f415b","schochastics-football-data-incidents","review_required","false","false","","","","","","","","","","","8","football-data:player:juanfran","football-data:player:juanfran","Juanfran","Juanfran","148","8","8","canonical","false","fallback","https://github.com/schochastics/football-data; https://raw.githubusercontent.com/schochastics/football-data/6ba5e7e8f8657b6ccdeb0e89778765423f8d5aaf/data/goals_time2/spanien_la-liga-2003-2004.json; https://raw.githubusercontent.com/schochastics/football-data/6ba5e7e8f8657b6ccdeb0e89778765423f8d5aaf/data/goals_time2/spanien_la-liga-2005-2006.json; https://raw.githubusercontent.com/schochastics/football-data/6ba5e7e8f8657b6ccdeb0e89778765423f8d5aaf/data/goals_time2/spanien_la-liga-2006-2007.json; https://raw.githubusercontent.com/schochastics/football-data/6ba5e7e8f8657b6ccdeb0e89778765423f8d5aaf/data/goals_time2/spanien_la-liga-2007-2008.json; https://raw.githubusercontent.com/schochastics/football-data/6ba5e7e8f8657b6ccdeb0e89778765423f8d5aaf/data/goals_time2/spanien_la-liga-2008-2009.json; https://raw.githubusercontent.com/schochastics/football-data/6ba5e7e8f8657b6ccdeb0e89778765423f8d5aaf/data/goals_time2/spanien_la-liga-2009-2010.json; https://raw.githubusercontent.com/schochastics/football-data/6ba5e7e8f8657b6ccdeb0e89778765423f8d5aaf/data/goals_time2/spanien_la-liga-2010-2011.json; https://raw.githubusercontent.com/schochastics/football-data/6ba5e7e8f8657b6ccdeb0e89778765423f8d5aaf/data/goals_time2/spanien_la-liga-2011-2012.json; https://raw.githubusercontent.com/schochastics/football-data/6ba5e7e8f8657b6ccdeb0e89778765423f8d5aaf/data/goals_time2/spanien_la-liga-2012-2013.json; https://raw.githubusercontent.com/schochastics/football-data/6ba5e7e8f8657b6ccdeb0e89778765423f8d5aaf/data/goals_time2/spanien_la-liga-2013-2014.json; https://raw.githubusercontent.com/schochastics/football-data/6ba5e7e8f8657b6ccdeb0e89778765423f8d5aaf/data/goals_time2/spanien_la-liga-2014-2015.json; https://raw.githubusercontent.com/schochastics/football-data/6ba5e7e8f8657b6ccdeb0e89778765423f8d5aaf/data/goals_time2/spanien_la-liga-2015-2016.json; https://raw.githubusercontent.com/schochastics/football-data/6ba5e7e8f8657b6ccdeb0e89778765423f8d5aaf/data/goals_time2/spanien_la-liga-2016-2017.json; https://raw.githubusercontent.com/schochastics/football-data/6ba5e7e8f8657b6ccdeb0e89778765423f8d5aaf/data/goals_time2/spanien_la-liga-2017-2018.json; https://raw.githubusercontent.com/schochastics/football-data/6ba5e7e8f8657b6ccdeb0e89778765423f8d5aaf/data/goals_time2/spanien_la-liga-2018-2019.json"
"top20","club-career-yellow-cards","provisional","player","Tarjetas amarillas globales en clubes","rs_5895851333bc943b6e468ed0","draft","src_3129c29b99f9dd5e4f3f415b","schochastics-football-data-incidents","review_required","false","false","","","","","","","","","","","9","football-data:player:felipe","football-data:player:felipe","Felipe","Felipe","146","9","9","canonical","false","fallback","https://github.com/schochastics/football-data; https://raw.githubusercontent.com/schochastics/football-data/6ba5e7e8f8657b6ccdeb0e89778765423f8d5aaf/data/goals_time2/england_premier-league-2022-2023.json; https://raw.githubusercontent.com/schochastics/football-data/6ba5e7e8f8657b6ccdeb0e89778765423f8d5aaf/data/goals_time2/england_premier-league-2023-2024.json; https://raw.githubusercontent.com/schochastics/football-data/6ba5e7e8f8657b6ccdeb0e89778765423f8d5aaf/data/goals_time2/italien_serie-a-2003-2004.json; https://raw.githubusercontent.com/schochastics/football-data/6ba5e7e8f8657b6ccdeb0e89778765423f8d5aaf/data/goals_time2/italien_serie-a-2004-2005.json; https://raw.githubusercontent.com/schochastics/football-data/6ba5e7e8f8657b6ccdeb0e89778765423f8d5aaf/data/goals_time2/italien_serie-a-2005-2006.json; https://raw.githubusercontent.com/schochastics/football-data/6ba5e7e8f8657b6ccdeb0e89778765423f8d5aaf/data/goals_time2/italien_serie-a-2006-2007.json; https://raw.githubusercontent.com/schochastics/football-data/6ba5e7e8f8657b6ccdeb0e89778765423f8d5aaf/data/goals_time2/italien_serie-a-2007-2008.json; https://raw.githubusercontent.com/schochastics/football-data/6ba5e7e8f8657b6ccdeb0e89778765423f8d5aaf/data/goals_time2/italien_serie-a-2008-2009.json; https://raw.githubusercontent.com/schochastics/football-data/6ba5e7e8f8657b6ccdeb0e89778765423f8d5aaf/data/goals_time2/italien_serie-a-2009-2010.json; https://raw.githubusercontent.com/schochastics/football-data/6ba5e7e8f8657b6ccdeb0e89778765423f8d5aaf/data/goals_time2/italien_serie-a-2010-2011.json; https://raw.githubusercontent.com/schochastics/football-data/6ba5e7e8f8657b6ccdeb0e89778765423f8d5aaf/data/goals_time2/italien_serie-a-2012-2013.json; https://raw.githubusercontent.com/schochastics/football-data/6ba5e7e8f8657b6ccdeb0e89778765423f8d5aaf/data/goals_time2/italien_serie-a-2013-2014.json; https://raw.githubusercontent.com/schochastics/football-data/6ba5e7e8f8657b6ccdeb0e89778765423f8d5aaf/data/goals_time2/italien_serie-a-2014-2015.json; https://raw.githubusercontent.com/schochastics/football-data/6ba5e7e8f8657b6ccdeb0e89778765423f8d5aaf/data/goals_time2/italien_serie-a-2015-2016.json; https://raw.githubusercontent.com/schochastics/football-data/6ba5e7e8f8657b6ccdeb0e89778765423f8d5aaf/data/goals_time2/italien_serie-a-2016-2017.json; https://raw.githubusercontent.com/schochastics/football-data/6ba5e7e8f8657b6ccdeb0e89778765423f8d5aaf/data/goals_time2/italien_serie-a-2017-2018.json; https://raw.githubusercontent.com/schochastics/football-data/6ba5e7e8f8657b6ccdeb0e89778765423f8d5aaf/data/goals_time2/italien_serie-a-2018-2019.json; https://raw.githubusercontent.com/schochastics/football-data/6ba5e7e8f8657b6ccdeb0e89778765423f8d5aaf/data/goals_time2/italien_serie-a-2019-2020.json; https://raw.githubusercontent.com/schochastics/football-data/6ba5e7e8f8657b6ccdeb0e89778765423f8d5aaf/data/goals_time2/portugal_liga-portugal-2016-2017.json; https://raw.githubusercontent.com/schochastics/football-data/6ba5e7e8f8657b6ccdeb0e89778765423f8d5aaf/data/goals_time2/portugal_liga-portugal-2017-2018.json; https://raw.githubusercontent.com/schochastics/football-data/6ba5e7e8f8657b6ccdeb0e89778765423f8d5aaf/data/goals_time2/portugal_liga-portugal-2018-2019.json; https://raw.githubusercontent.com/schochastics/football-data/6ba5e7e8f8657b6ccdeb0e89778765423f8d5aaf/data/goals_time2/spanien_la-liga-2019-2020.json; https://raw.githubusercontent.com/schochastics/football-data/6ba5e7e8f8657b6ccdeb0e89778765423f8d5aaf/data/goals_time2/spanien_la-liga-2020-2021.json; https://raw.githubusercontent.com/schochastics/football-data/6ba5e7e8f8657b6ccdeb0e89778765423f8d5aaf/data/goals_time2/spanien_la-liga-2021-2022.json"
"top20","club-career-yellow-cards","provisional","player","Tarjetas amarillas globales en clubes","rs_5895851333bc943b6e468ed0","draft","src_3129c29b99f9dd5e4f3f415b","schochastics-football-data-incidents","review_required","false","false","","","","","","","","","","","10","football-data:player:sissoko-m","football-data:player:sissoko-m","Sissoko M.","Sissoko M.","142","10","10","canonical","false","fallback","https://github.com/schochastics/football-data; https://raw.githubusercontent.com/schochastics/football-data/6ba5e7e8f8657b6ccdeb0e89778765423f8d5aaf/data/goals_time2/england_premier-league-2005-2006.json; https://raw.githubusercontent.com/schochastics/football-data/6ba5e7e8f8657b6ccdeb0e89778765423f8d5aaf/data/goals_time2/england_premier-league-2006-2007.json; https://raw.githubusercontent.com/schochastics/football-data/6ba5e7e8f8657b6ccdeb0e89778765423f8d5aaf/data/goals_time2/england_premier-league-2007-2008.json; https://raw.githubusercontent.com/schochastics/football-data/6ba5e7e8f8657b6ccdeb0e89778765423f8d5aaf/data/goals_time2/england_premier-league-2012-2013.json; https://raw.githubusercontent.com/schochastics/football-data/6ba5e7e8f8657b6ccdeb0e89778765423f8d5aaf/data/goals_time2/england_premier-league-2013-2014.json; https://raw.githubusercontent.com/schochastics/football-data/6ba5e7e8f8657b6ccdeb0e89778765423f8d5aaf/data/goals_time2/england_premier-league-2014-2015.json; https://raw.githubusercontent.com/schochastics/football-data/6ba5e7e8f8657b6ccdeb0e89778765423f8d5aaf/data/goals_time2/england_premier-league-2015-2016.json; https://raw.githubusercontent.com/schochastics/football-data/6ba5e7e8f8657b6ccdeb0e89778765423f8d5aaf/data/goals_time2/england_premier-league-2016-2017.json; https://raw.githubusercontent.com/schochastics/football-data/6ba5e7e8f8657b6ccdeb0e89778765423f8d5aaf/data/goals_time2/england_premier-league-2017-2018.json; https://raw.githubusercontent.com/schochastics/football-data/6ba5e7e8f8657b6ccdeb0e89778765423f8d5aaf/data/goals_time2/england_premier-league-2018-2019.json; https://raw.githubusercontent.com/schochastics/football-data/6ba5e7e8f8657b6ccdeb0e89778765423f8d5aaf/data/goals_time2/england_premier-league-2019-2020.json; https://raw.githubusercontent.com/schochastics/football-data/6ba5e7e8f8657b6ccdeb0e89778765423f8d5aaf/data/goals_time2/england_premier-league-2020-2021.json; https://raw.githubusercontent.com/schochastics/football-data/6ba5e7e8f8657b6ccdeb0e89778765423f8d5aaf/data/goals_time2/england_premier-league-2021-2022.json; https://raw.githubusercontent.com/schochastics/football-data/6ba5e7e8f8657b6ccdeb0e89778765423f8d5aaf/data/goals_time2/frankreich_ligue-1-2007-2008.json; https://raw.githubusercontent.com/schochastics/football-data/6ba5e7e8f8657b6ccdeb0e89778765423f8d5aaf/data/goals_time2/frankreich_ligue-1-2008-2009.json; https://raw.githubusercontent.com/schochastics/football-data/6ba5e7e8f8657b6ccdeb0e89778765423f8d5aaf/data/goals_time2/frankreich_ligue-1-2009-2010.json; https://raw.githubusercontent.com/schochastics/football-data/6ba5e7e8f8657b6ccdeb0e89778765423f8d5aaf/data/goals_time2/frankreich_ligue-1-2010-2011.json; https://raw.githubusercontent.com/schochastics/football-data/6ba5e7e8f8657b6ccdeb0e89778765423f8d5aaf/data/goals_time2/frankreich_ligue-1-2011-2012.json; https://raw.githubusercontent.com/schochastics/football-data/6ba5e7e8f8657b6ccdeb0e89778765423f8d5aaf/data/goals_time2/frankreich_ligue-1-2012-2013.json; https://raw.githubusercontent.com/schochastics/football-data/6ba5e7e8f8657b6ccdeb0e89778765423f8d5aaf/data/goals_time2/frankreich_ligue-1-2022-2023.json; https://raw.githubusercontent.com/schochastics/football-data/6ba5e7e8f8657b6ccdeb0e89778765423f8d5aaf/data/goals_time2/frankreich_ligue-1-2023-2024.json; https://raw.githubusercontent.com/schochastics/football-data/6ba5e7e8f8657b6ccdeb0e89778765423f8d5aaf/data/goals_time2/italien_serie-a-2007-2008.json; https://raw.githubusercontent.com/schochastics/football-data/6ba5e7e8f8657b6ccdeb0e89778765423f8d5aaf/data/goals_time2/italien_serie-a-2008-2009.json; https://raw.githubusercontent.com/schochastics/football-data/6ba5e7e8f8657b6ccdeb0e89778765423f8d5aaf/data/goals_time2/italien_serie-a-2009-2010.json; https://raw.githubusercontent.com/schochastics/football-data/6ba5e7e8f8657b6ccdeb0e89778765423f8d5aaf/data/goals_time2/italien_serie-a-2010-2011.json; https://raw.githubusercontent.com/schochastics/football-data/6ba5e7e8f8657b6ccdeb0e89778765423f8d5aaf/data/goals_time2/italien_serie-a-2012-2013.json; https://raw.githubusercontent.com/schochastics/football-data/6ba5e7e8f8657b6ccdeb0e89778765423f8d5aaf/data/goals_time2/spanien_la-liga-2003-2004.json; https://raw.githubusercontent.com/schochastics/football-data/6ba5e7e8f8657b6ccdeb0e89778765423f8d5aaf/data/goals_time2/spanien_la-liga-2004-2005.json; https://raw.githubusercontent.com/schochastics/football-data/6ba5e7e8f8657b6ccdeb0e89778765423f8d5aaf/data/goals_time2/spanien_la-liga-2013-2014.json; https://raw.githubusercontent.com/schochastics/football-data/6ba5e7e8f8657b6ccdeb0e89778765423f8d5aaf/data/goals_time2/spanien_la-liga-2014-2015.json"
"top20","club-career-yellow-cards","provisional","player","Tarjetas amarillas globales en clubes","rs_5895851333bc943b6e468ed0","draft","src_3129c29b99f9dd5e4f3f415b","schochastics-football-data-incidents","review_required","false","false","","","","","","","","","","","11","transfermarkt:la-liga:player:6c720cb9fbe0bf0b4889db0c","transfermarkt:la-liga:player:6c720cb9fbe0bf0b4889db0c","Víctor Sánchez","Víctor Sánchez","141","11","11","canonical","false","fallback","https://github.com/schochastics/football-data; https://raw.githubusercontent.com/schochastics/football-data/6ba5e7e8f8657b6ccdeb0e89778765423f8d5aaf/data/goals_time2/deutschland_bundesliga-2008-2009.json; https://raw.githubusercontent.com/schochastics/football-data/6ba5e7e8f8657b6ccdeb0e89778765423f8d5aaf/data/goals_time2/deutschland_bundesliga-2009-2010.json; https://raw.githubusercontent.com/schochastics/football-data/6ba5e7e8f8657b6ccdeb0e89778765423f8d5aaf/data/goals_time2/spanien_la-liga-2003-2004.json; https://raw.githubusercontent.com/schochastics/football-data/6ba5e7e8f8657b6ccdeb0e89778765423f8d5aaf/data/goals_time2/spanien_la-liga-2004-2005.json; https://raw.githubusercontent.com/schochastics/football-data/6ba5e7e8f8657b6ccdeb0e89778765423f8d5aaf/data/goals_time2/spanien_la-liga-2005-2006.json; https://raw.githubusercontent.com/schochastics/football-data/6ba5e7e8f8657b6ccdeb0e89778765423f8d5aaf/data/goals_time2/spanien_la-liga-2009-2010.json; https://raw.githubusercontent.com/schochastics/football-data/6ba5e7e8f8657b6ccdeb0e89778765423f8d5aaf/data/goals_time2/spanien_la-liga-2010-2011.json; https://raw.githubusercontent.com/schochastics/football-data/6ba5e7e8f8657b6ccdeb0e89778765423f8d5aaf/data/goals_time2/spanien_la-liga-2011-2012.json; https://raw.githubusercontent.com/schochastics/football-data/6ba5e7e8f8657b6ccdeb0e89778765423f8d5aaf/data/goals_time2/spanien_la-liga-2012-2013.json; https://raw.githubusercontent.com/schochastics/football-data/6ba5e7e8f8657b6ccdeb0e89778765423f8d5aaf/data/goals_time2/spanien_la-liga-2013-2014.json; https://raw.githubusercontent.com/schochastics/football-data/6ba5e7e8f8657b6ccdeb0e89778765423f8d5aaf/data/goals_time2/spanien_la-liga-2014-2015.json; https://raw.githubusercontent.com/schochastics/football-data/6ba5e7e8f8657b6ccdeb0e89778765423f8d5aaf/data/goals_time2/spanien_la-liga-2015-2016.json; https://raw.githubusercontent.com/schochastics/football-data/6ba5e7e8f8657b6ccdeb0e89778765423f8d5aaf/data/goals_time2/spanien_la-liga-2016-2017.json; https://raw.githubusercontent.com/schochastics/football-data/6ba5e7e8f8657b6ccdeb0e89778765423f8d5aaf/data/goals_time2/spanien_la-liga-2017-2018.json; https://raw.githubusercontent.com/schochastics/football-data/6ba5e7e8f8657b6ccdeb0e89778765423f8d5aaf/data/goals_time2/spanien_la-liga-2018-2019.json; https://raw.githubusercontent.com/schochastics/football-data/6ba5e7e8f8657b6ccdeb0e89778765423f8d5aaf/data/goals_time2/spanien_la-liga-2019-2020.json"
"top20","club-career-yellow-cards","provisional","player","Tarjetas amarillas globales en clubes","rs_5895851333bc943b6e468ed0","draft","src_3129c29b99f9dd5e4f3f415b","schochastics-football-data-incidents","review_required","false","false","","","","","","","","","","","12","football-data:player:danilo","football-data:player:danilo","Danilo","Danilo","139","12","12","canonical","false","fallback","https://github.com/schochastics/football-data; https://raw.githubusercontent.com/schochastics/football-data/6ba5e7e8f8657b6ccdeb0e89778765423f8d5aaf/data/goals_time2/england_premier-league-2017-2018.json; https://raw.githubusercontent.com/schochastics/football-data/6ba5e7e8f8657b6ccdeb0e89778765423f8d5aaf/data/goals_time2/england_premier-league-2018-2019.json; https://raw.githubusercontent.com/schochastics/football-data/6ba5e7e8f8657b6ccdeb0e89778765423f8d5aaf/data/goals_time2/england_premier-league-2022-2023.json; https://raw.githubusercontent.com/schochastics/football-data/6ba5e7e8f8657b6ccdeb0e89778765423f8d5aaf/data/goals_time2/england_premier-league-2023-2024.json; https://raw.githubusercontent.com/schochastics/football-data/6ba5e7e8f8657b6ccdeb0e89778765423f8d5aaf/data/goals_time2/italien_serie-a-2011-2012.json; https://raw.githubusercontent.com/schochastics/football-data/6ba5e7e8f8657b6ccdeb0e89778765423f8d5aaf/data/goals_time2/italien_serie-a-2012-2013.json; https://raw.githubusercontent.com/schochastics/football-data/6ba5e7e8f8657b6ccdeb0e89778765423f8d5aaf/data/goals_time2/italien_serie-a-2013-2014.json; https://raw.githubusercontent.com/schochastics/football-data/6ba5e7e8f8657b6ccdeb0e89778765423f8d5aaf/data/goals_time2/italien_serie-a-2014-2015.json; https://raw.githubusercontent.com/schochastics/football-data/6ba5e7e8f8657b6ccdeb0e89778765423f8d5aaf/data/goals_time2/italien_serie-a-2015-2016.json; https://raw.githubusercontent.com/schochastics/football-data/6ba5e7e8f8657b6ccdeb0e89778765423f8d5aaf/data/goals_time2/italien_serie-a-2016-2017.json; https://raw.githubusercontent.com/schochastics/football-data/6ba5e7e8f8657b6ccdeb0e89778765423f8d5aaf/data/goals_time2/italien_serie-a-2017-2018.json; https://raw.githubusercontent.com/schochastics/football-data/6ba5e7e8f8657b6ccdeb0e89778765423f8d5aaf/data/goals_time2/italien_serie-a-2018-2019.json; https://raw.githubusercontent.com/schochastics/football-data/6ba5e7e8f8657b6ccdeb0e89778765423f8d5aaf/data/goals_time2/italien_serie-a-2019-2020.json; https://raw.githubusercontent.com/schochastics/football-data/6ba5e7e8f8657b6ccdeb0e89778765423f8d5aaf/data/goals_time2/italien_serie-a-2020-2021.json; https://raw.githubusercontent.com/schochastics/football-data/6ba5e7e8f8657b6ccdeb0e89778765423f8d5aaf/data/goals_time2/italien_serie-a-2021-2022.json; https://raw.githubusercontent.com/schochastics/football-data/6ba5e7e8f8657b6ccdeb0e89778765423f8d5aaf/data/goals_time2/italien_serie-a-2022-2023.json; https://raw.githubusercontent.com/schochastics/football-data/6ba5e7e8f8657b6ccdeb0e89778765423f8d5aaf/data/goals_time2/italien_serie-a-2023-2024.json; https://raw.githubusercontent.com/schochastics/football-data/6ba5e7e8f8657b6ccdeb0e89778765423f8d5aaf/data/goals_time2/italien_serie-a-2024-2025.json; https://raw.githubusercontent.com/schochastics/football-data/6ba5e7e8f8657b6ccdeb0e89778765423f8d5aaf/data/goals_time2/portugal_liga-portugal-2014-2015.json; https://raw.githubusercontent.com/schochastics/football-data/6ba5e7e8f8657b6ccdeb0e89778765423f8d5aaf/data/goals_time2/spanien_la-liga-2015-2016.json; https://raw.githubusercontent.com/schochastics/football-data/6ba5e7e8f8657b6ccdeb0e89778765423f8d5aaf/data/goals_time2/spanien_la-liga-2016-2017.json"
"top20","club-career-yellow-cards","provisional","player","Tarjetas amarillas globales en clubes","rs_5895851333bc943b6e468ed0","draft","src_3129c29b99f9dd5e4f3f415b","schochastics-football-data-incidents","review_required","false","false","","","","","","","","","","","13","bdfutbol:serie-a:player:70b98a66455b0ab040a8c2c1","bdfutbol:serie-a:player:70b98a66455b0ab040a8c2c1","Daniele Conti","Daniele Conti","137","13","13","canonical","true","licensed","https://github.com/schochastics/football-data; https://raw.githubusercontent.com/schochastics/football-data/6ba5e7e8f8657b6ccdeb0e89778765423f8d5aaf/data/goals_time2/italien_serie-a-2004-2005.json; https://raw.githubusercontent.com/schochastics/football-data/6ba5e7e8f8657b6ccdeb0e89778765423f8d5aaf/data/goals_time2/italien_serie-a-2005-2006.json; https://raw.githubusercontent.com/schochastics/football-data/6ba5e7e8f8657b6ccdeb0e89778765423f8d5aaf/data/goals_time2/italien_serie-a-2006-2007.json; https://raw.githubusercontent.com/schochastics/football-data/6ba5e7e8f8657b6ccdeb0e89778765423f8d5aaf/data/goals_time2/italien_serie-a-2007-2008.json; https://raw.githubusercontent.com/schochastics/football-data/6ba5e7e8f8657b6ccdeb0e89778765423f8d5aaf/data/goals_time2/italien_serie-a-2008-2009.json; https://raw.githubusercontent.com/schochastics/football-data/6ba5e7e8f8657b6ccdeb0e89778765423f8d5aaf/data/goals_time2/italien_serie-a-2009-2010.json; https://raw.githubusercontent.com/schochastics/football-data/6ba5e7e8f8657b6ccdeb0e89778765423f8d5aaf/data/goals_time2/italien_serie-a-2010-2011.json; https://raw.githubusercontent.com/schochastics/football-data/6ba5e7e8f8657b6ccdeb0e89778765423f8d5aaf/data/goals_time2/italien_serie-a-2011-2012.json; https://raw.githubusercontent.com/schochastics/football-data/6ba5e7e8f8657b6ccdeb0e89778765423f8d5aaf/data/goals_time2/italien_serie-a-2012-2013.json; https://raw.githubusercontent.com/schochastics/football-data/6ba5e7e8f8657b6ccdeb0e89778765423f8d5aaf/data/goals_time2/italien_serie-a-2013-2014.json; https://raw.githubusercontent.com/schochastics/football-data/6ba5e7e8f8657b6ccdeb0e89778765423f8d5aaf/data/goals_time2/italien_serie-a-2014-2015.json"
"top20","club-career-yellow-cards","provisional","player","Tarjetas amarillas globales en clubes","rs_5895851333bc943b6e468ed0","draft","src_3129c29b99f9dd5e4f3f415b","schochastics-football-data-incidents","review_required","false","false","","","","","","","","","","","14","football-data:player:alexis","football-data:player:alexis","Alexis","Alexis","135","14","14","canonical","false","fallback","https://github.com/schochastics/football-data; https://raw.githubusercontent.com/schochastics/football-data/6ba5e7e8f8657b6ccdeb0e89778765423f8d5aaf/data/goals_time2/spanien_la-liga-2004-2005.json; https://raw.githubusercontent.com/schochastics/football-data/6ba5e7e8f8657b6ccdeb0e89778765423f8d5aaf/data/goals_time2/spanien_la-liga-2005-2006.json; https://raw.githubusercontent.com/schochastics/football-data/6ba5e7e8f8657b6ccdeb0e89778765423f8d5aaf/data/goals_time2/spanien_la-liga-2006-2007.json; https://raw.githubusercontent.com/schochastics/football-data/6ba5e7e8f8657b6ccdeb0e89778765423f8d5aaf/data/goals_time2/spanien_la-liga-2007-2008.json; https://raw.githubusercontent.com/schochastics/football-data/6ba5e7e8f8657b6ccdeb0e89778765423f8d5aaf/data/goals_time2/spanien_la-liga-2008-2009.json; https://raw.githubusercontent.com/schochastics/football-data/6ba5e7e8f8657b6ccdeb0e89778765423f8d5aaf/data/goals_time2/spanien_la-liga-2009-2010.json; https://raw.githubusercontent.com/schochastics/football-data/6ba5e7e8f8657b6ccdeb0e89778765423f8d5aaf/data/goals_time2/spanien_la-liga-2010-2011.json; https://raw.githubusercontent.com/schochastics/football-data/6ba5e7e8f8657b6ccdeb0e89778765423f8d5aaf/data/goals_time2/spanien_la-liga-2011-2012.json; https://raw.githubusercontent.com/schochastics/football-data/6ba5e7e8f8657b6ccdeb0e89778765423f8d5aaf/data/goals_time2/spanien_la-liga-2012-2013.json; https://raw.githubusercontent.com/schochastics/football-data/6ba5e7e8f8657b6ccdeb0e89778765423f8d5aaf/data/goals_time2/spanien_la-liga-2013-2014.json; https://raw.githubusercontent.com/schochastics/football-data/6ba5e7e8f8657b6ccdeb0e89778765423f8d5aaf/data/goals_time2/spanien_la-liga-2014-2015.json; https://raw.githubusercontent.com/schochastics/football-data/6ba5e7e8f8657b6ccdeb0e89778765423f8d5aaf/data/goals_time2/spanien_la-liga-2015-2016.json; https://raw.githubusercontent.com/schochastics/football-data/6ba5e7e8f8657b6ccdeb0e89778765423f8d5aaf/data/goals_time2/spanien_la-liga-2016-2017.json; https://raw.githubusercontent.com/schochastics/football-data/6ba5e7e8f8657b6ccdeb0e89778765423f8d5aaf/data/goals_time2/spanien_la-liga-2017-2018.json"
"top20","club-career-yellow-cards","provisional","player","Tarjetas amarillas globales en clubes","rs_5895851333bc943b6e468ed0","draft","src_3129c29b99f9dd5e4f3f415b","schochastics-football-data-incidents","review_required","false","false","","","","","","","","","","","15","football-data:player:gonzalez-a","football-data:player:gonzalez-a","Gonzalez A.","Gonzalez A.","133","15","15","canonical","false","fallback","https://github.com/schochastics/football-data; https://raw.githubusercontent.com/schochastics/football-data/6ba5e7e8f8657b6ccdeb0e89778765423f8d5aaf/data/goals_time2/frankreich_ligue-1-2019-2020.json; https://raw.githubusercontent.com/schochastics/football-data/6ba5e7e8f8657b6ccdeb0e89778765423f8d5aaf/data/goals_time2/frankreich_ligue-1-2020-2021.json; https://raw.githubusercontent.com/schochastics/football-data/6ba5e7e8f8657b6ccdeb0e89778765423f8d5aaf/data/goals_time2/frankreich_ligue-1-2021-2022.json; https://raw.githubusercontent.com/schochastics/football-data/6ba5e7e8f8657b6ccdeb0e89778765423f8d5aaf/data/goals_time2/italien_serie-a-2010-2011.json; https://raw.githubusercontent.com/schochastics/football-data/6ba5e7e8f8657b6ccdeb0e89778765423f8d5aaf/data/goals_time2/italien_serie-a-2011-2012.json; https://raw.githubusercontent.com/schochastics/football-data/6ba5e7e8f8657b6ccdeb0e89778765423f8d5aaf/data/goals_time2/italien_serie-a-2012-2013.json; https://raw.githubusercontent.com/schochastics/football-data/6ba5e7e8f8657b6ccdeb0e89778765423f8d5aaf/data/goals_time2/italien_serie-a-2013-2014.json; https://raw.githubusercontent.com/schochastics/football-data/6ba5e7e8f8657b6ccdeb0e89778765423f8d5aaf/data/goals_time2/italien_serie-a-2014-2015.json; https://raw.githubusercontent.com/schochastics/football-data/6ba5e7e8f8657b6ccdeb0e89778765423f8d5aaf/data/goals_time2/schweiz_super-league-2014-2015.json; https://raw.githubusercontent.com/schochastics/football-data/6ba5e7e8f8657b6ccdeb0e89778765423f8d5aaf/data/goals_time2/schweiz_super-league-2015-2016.json; https://raw.githubusercontent.com/schochastics/football-data/6ba5e7e8f8657b6ccdeb0e89778765423f8d5aaf/data/goals_time2/spanien_la-liga-2010-2011.json; https://raw.githubusercontent.com/schochastics/football-data/6ba5e7e8f8657b6ccdeb0e89778765423f8d5aaf/data/goals_time2/spanien_la-liga-2011-2012.json; https://raw.githubusercontent.com/schochastics/football-data/6ba5e7e8f8657b6ccdeb0e89778765423f8d5aaf/data/goals_time2/spanien_la-liga-2012-2013.json; https://raw.githubusercontent.com/schochastics/football-data/6ba5e7e8f8657b6ccdeb0e89778765423f8d5aaf/data/goals_time2/spanien_la-liga-2014-2015.json; https://raw.githubusercontent.com/schochastics/football-data/6ba5e7e8f8657b6ccdeb0e89778765423f8d5aaf/data/goals_time2/spanien_la-liga-2015-2016.json; https://raw.githubusercontent.com/schochastics/football-data/6ba5e7e8f8657b6ccdeb0e89778765423f8d5aaf/data/goals_time2/spanien_la-liga-2016-2017.json; https://raw.githubusercontent.com/schochastics/football-data/6ba5e7e8f8657b6ccdeb0e89778765423f8d5aaf/data/goals_time2/spanien_la-liga-2017-2018.json; https://raw.githubusercontent.com/schochastics/football-data/6ba5e7e8f8657b6ccdeb0e89778765423f8d5aaf/data/goals_time2/spanien_la-liga-2018-2019.json; https://raw.githubusercontent.com/schochastics/football-data/6ba5e7e8f8657b6ccdeb0e89778765423f8d5aaf/data/goals_time2/spanien_la-liga-2024-2025.json"
"top20","club-career-yellow-cards","provisional","player","Tarjetas amarillas globales en clubes","rs_5895851333bc943b6e468ed0","draft","src_3129c29b99f9dd5e4f3f415b","schochastics-football-data-incidents","review_required","false","false","","","","","","","","","","","16","football-data:player:busquets-s","football-data:player:busquets-s","Busquets S.","Busquets S.","129","16","16","canonical","false","fallback","https://github.com/schochastics/football-data; https://raw.githubusercontent.com/schochastics/football-data/6ba5e7e8f8657b6ccdeb0e89778765423f8d5aaf/data/goals_time2/spanien_la-liga-2008-2009.json; https://raw.githubusercontent.com/schochastics/football-data/6ba5e7e8f8657b6ccdeb0e89778765423f8d5aaf/data/goals_time2/spanien_la-liga-2009-2010.json; https://raw.githubusercontent.com/schochastics/football-data/6ba5e7e8f8657b6ccdeb0e89778765423f8d5aaf/data/goals_time2/spanien_la-liga-2010-2011.json; https://raw.githubusercontent.com/schochastics/football-data/6ba5e7e8f8657b6ccdeb0e89778765423f8d5aaf/data/goals_time2/spanien_la-liga-2011-2012.json; https://raw.githubusercontent.com/schochastics/football-data/6ba5e7e8f8657b6ccdeb0e89778765423f8d5aaf/data/goals_time2/spanien_la-liga-2012-2013.json; https://raw.githubusercontent.com/schochastics/football-data/6ba5e7e8f8657b6ccdeb0e89778765423f8d5aaf/data/goals_time2/spanien_la-liga-2013-2014.json; https://raw.githubusercontent.com/schochastics/football-data/6ba5e7e8f8657b6ccdeb0e89778765423f8d5aaf/data/goals_time2/spanien_la-liga-2014-2015.json; https://raw.githubusercontent.com/schochastics/football-data/6ba5e7e8f8657b6ccdeb0e89778765423f8d5aaf/data/goals_time2/spanien_la-liga-2015-2016.json; https://raw.githubusercontent.com/schochastics/football-data/6ba5e7e8f8657b6ccdeb0e89778765423f8d5aaf/data/goals_time2/spanien_la-liga-2016-2017.json; https://raw.githubusercontent.com/schochastics/football-data/6ba5e7e8f8657b6ccdeb0e89778765423f8d5aaf/data/goals_time2/spanien_la-liga-2017-2018.json; https://raw.githubusercontent.com/schochastics/football-data/6ba5e7e8f8657b6ccdeb0e89778765423f8d5aaf/data/goals_time2/spanien_la-liga-2018-2019.json; https://raw.githubusercontent.com/schochastics/football-data/6ba5e7e8f8657b6ccdeb0e89778765423f8d5aaf/data/goals_time2/spanien_la-liga-2019-2020.json; https://raw.githubusercontent.com/schochastics/football-data/6ba5e7e8f8657b6ccdeb0e89778765423f8d5aaf/data/goals_time2/spanien_la-liga-2020-2021.json; https://raw.githubusercontent.com/schochastics/football-data/6ba5e7e8f8657b6ccdeb0e89778765423f8d5aaf/data/goals_time2/spanien_la-liga-2021-2022.json; https://raw.githubusercontent.com/schochastics/football-data/6ba5e7e8f8657b6ccdeb0e89778765423f8d5aaf/data/goals_time2/spanien_la-liga-2022-2023.json"
"top20","club-career-yellow-cards","provisional","player","Tarjetas amarillas globales en clubes","rs_5895851333bc943b6e468ed0","draft","src_3129c29b99f9dd5e4f3f415b","schochastics-football-data-incidents","review_required","false","false","","","","","","","","","","","16","football-data:player:paulinho","football-data:player:paulinho","Paulinho","Paulinho","129","16","16","canonical","false","fallback","https://github.com/schochastics/football-data; https://raw.githubusercontent.com/schochastics/football-data/6ba5e7e8f8657b6ccdeb0e89778765423f8d5aaf/data/goals_time2/danemark_superliga-2019-2020.json; https://raw.githubusercontent.com/schochastics/football-data/6ba5e7e8f8657b6ccdeb0e89778765423f8d5aaf/data/goals_time2/danemark_superliga-2020-2021.json; https://raw.githubusercontent.com/schochastics/football-data/6ba5e7e8f8657b6ccdeb0e89778765423f8d5aaf/data/goals_time2/danemark_superliga-2021-2022.json; https://raw.githubusercontent.com/schochastics/football-data/6ba5e7e8f8657b6ccdeb0e89778765423f8d5aaf/data/goals_time2/danemark_superliga-2022-2023.json; https://raw.githubusercontent.com/schochastics/football-data/6ba5e7e8f8657b6ccdeb0e89778765423f8d5aaf/data/goals_time2/danemark_superliga-2023-2024.json; https://raw.githubusercontent.com/schochastics/football-data/6ba5e7e8f8657b6ccdeb0e89778765423f8d5aaf/data/goals_time2/danemark_superliga-2024-2025.json; https://raw.githubusercontent.com/schochastics/football-data/6ba5e7e8f8657b6ccdeb0e89778765423f8d5aaf/data/goals_time2/deutschland_bundesliga-2019-2020.json; https://raw.githubusercontent.com/schochastics/football-data/6ba5e7e8f8657b6ccdeb0e89778765423f8d5aaf/data/goals_time2/deutschland_bundesliga-2021-2022.json; https://raw.githubusercontent.com/schochastics/football-data/6ba5e7e8f8657b6ccdeb0e89778765423f8d5aaf/data/goals_time2/england_premier-league-2013-2014.json; https://raw.githubusercontent.com/schochastics/football-data/6ba5e7e8f8657b6ccdeb0e89778765423f8d5aaf/data/goals_time2/england_premier-league-2014-2015.json; https://raw.githubusercontent.com/schochastics/football-data/6ba5e7e8f8657b6ccdeb0e89778765423f8d5aaf/data/goals_time2/italien_serie-a-2006-2007.json; https://raw.githubusercontent.com/schochastics/football-data/6ba5e7e8f8657b6ccdeb0e89778765423f8d5aaf/data/goals_time2/italien_serie-a-2013-2014.json; https://raw.githubusercontent.com/schochastics/football-data/6ba5e7e8f8657b6ccdeb0e89778765423f8d5aaf/data/goals_time2/portugal_liga-portugal-2014-2015.json; https://raw.githubusercontent.com/schochastics/football-data/6ba5e7e8f8657b6ccdeb0e89778765423f8d5aaf/data/goals_time2/portugal_liga-portugal-2015-2016.json; https://raw.githubusercontent.com/schochastics/football-data/6ba5e7e8f8657b6ccdeb0e89778765423f8d5aaf/data/goals_time2/portugal_liga-portugal-2016-2017.json; https://raw.githubusercontent.com/schochastics/football-data/6ba5e7e8f8657b6ccdeb0e89778765423f8d5aaf/data/goals_time2/portugal_liga-portugal-2017-2018.json; https://raw.githubusercontent.com/schochastics/football-data/6ba5e7e8f8657b6ccdeb0e89778765423f8d5aaf/data/goals_time2/portugal_liga-portugal-2018-2019.json; https://raw.githubusercontent.com/schochastics/football-data/6ba5e7e8f8657b6ccdeb0e89778765423f8d5aaf/data/goals_time2/portugal_liga-portugal-2019-2020.json; https://raw.githubusercontent.com/schochastics/football-data/6ba5e7e8f8657b6ccdeb0e89778765423f8d5aaf/data/goals_time2/portugal_liga-portugal-2020-2021.json; https://raw.githubusercontent.com/schochastics/football-data/6ba5e7e8f8657b6ccdeb0e89778765423f8d5aaf/data/goals_time2/portugal_liga-portugal-2021-2022.json; https://raw.githubusercontent.com/schochastics/football-data/6ba5e7e8f8657b6ccdeb0e89778765423f8d5aaf/data/goals_time2/portugal_liga-portugal-2022-2023.json; https://raw.githubusercontent.com/schochastics/football-data/6ba5e7e8f8657b6ccdeb0e89778765423f8d5aaf/data/goals_time2/portugal_liga-portugal-2023-2024.json; https://raw.githubusercontent.com/schochastics/football-data/6ba5e7e8f8657b6ccdeb0e89778765423f8d5aaf/data/goals_time2/spanien_la-liga-2017-2018.json"
"top20","club-career-yellow-cards","provisional","player","Tarjetas amarillas globales en clubes","rs_5895851333bc943b6e468ed0","draft","src_3129c29b99f9dd5e4f3f415b","schochastics-football-data-incidents","review_required","false","false","","","","","","","","","","","18","football-data:player:dani-alves","football-data:player:dani-alves","Dani Alves","Dani Alves","128","18","17","canonical","false","fallback","https://github.com/schochastics/football-data; https://raw.githubusercontent.com/schochastics/football-data/6ba5e7e8f8657b6ccdeb0e89778765423f8d5aaf/data/goals_time2/frankreich_ligue-1-2017-2018.json; https://raw.githubusercontent.com/schochastics/football-data/6ba5e7e8f8657b6ccdeb0e89778765423f8d5aaf/data/goals_time2/frankreich_ligue-1-2018-2019.json; https://raw.githubusercontent.com/schochastics/football-data/6ba5e7e8f8657b6ccdeb0e89778765423f8d5aaf/data/goals_time2/italien_serie-a-2016-2017.json; https://raw.githubusercontent.com/schochastics/football-data/6ba5e7e8f8657b6ccdeb0e89778765423f8d5aaf/data/goals_time2/spanien_la-liga-2003-2004.json; https://raw.githubusercontent.com/schochastics/football-data/6ba5e7e8f8657b6ccdeb0e89778765423f8d5aaf/data/goals_time2/spanien_la-liga-2004-2005.json; https://raw.githubusercontent.com/schochastics/football-data/6ba5e7e8f8657b6ccdeb0e89778765423f8d5aaf/data/goals_time2/spanien_la-liga-2005-2006.json; https://raw.githubusercontent.com/schochastics/football-data/6ba5e7e8f8657b6ccdeb0e89778765423f8d5aaf/data/goals_time2/spanien_la-liga-2006-2007.json; https://raw.githubusercontent.com/schochastics/football-data/6ba5e7e8f8657b6ccdeb0e89778765423f8d5aaf/data/goals_time2/spanien_la-liga-2007-2008.json; https://raw.githubusercontent.com/schochastics/football-data/6ba5e7e8f8657b6ccdeb0e89778765423f8d5aaf/data/goals_time2/spanien_la-liga-2008-2009.json; https://raw.githubusercontent.com/schochastics/football-data/6ba5e7e8f8657b6ccdeb0e89778765423f8d5aaf/data/goals_time2/spanien_la-liga-2009-2010.json; https://raw.githubusercontent.com/schochastics/football-data/6ba5e7e8f8657b6ccdeb0e89778765423f8d5aaf/data/goals_time2/spanien_la-liga-2010-2011.json; https://raw.githubusercontent.com/schochastics/football-data/6ba5e7e8f8657b6ccdeb0e89778765423f8d5aaf/data/goals_time2/spanien_la-liga-2011-2012.json; https://raw.githubusercontent.com/schochastics/football-data/6ba5e7e8f8657b6ccdeb0e89778765423f8d5aaf/data/goals_time2/spanien_la-liga-2012-2013.json; https://raw.githubusercontent.com/schochastics/football-data/6ba5e7e8f8657b6ccdeb0e89778765423f8d5aaf/data/goals_time2/spanien_la-liga-2013-2014.json; https://raw.githubusercontent.com/schochastics/football-data/6ba5e7e8f8657b6ccdeb0e89778765423f8d5aaf/data/goals_time2/spanien_la-liga-2014-2015.json; https://raw.githubusercontent.com/schochastics/football-data/6ba5e7e8f8657b6ccdeb0e89778765423f8d5aaf/data/goals_time2/spanien_la-liga-2015-2016.json; https://raw.githubusercontent.com/schochastics/football-data/6ba5e7e8f8657b6ccdeb0e89778765423f8d5aaf/data/goals_time2/spanien_la-liga-2021-2022.json"
"top20","club-career-yellow-cards","provisional","player","Tarjetas amarillas globales en clubes","rs_5895851333bc943b6e468ed0","draft","src_3129c29b99f9dd5e4f3f415b","schochastics-football-data-incidents","review_required","false","false","","","","","","","","","","","19","football-data:player:gabi","football-data:player:gabi","Gabi","Gabi","127","19","18","canonical","false","fallback","https://github.com/schochastics/football-data; https://raw.githubusercontent.com/schochastics/football-data/6ba5e7e8f8657b6ccdeb0e89778765423f8d5aaf/data/goals_time2/spanien_la-liga-2003-2004.json; https://raw.githubusercontent.com/schochastics/football-data/6ba5e7e8f8657b6ccdeb0e89778765423f8d5aaf/data/goals_time2/spanien_la-liga-2004-2005.json; https://raw.githubusercontent.com/schochastics/football-data/6ba5e7e8f8657b6ccdeb0e89778765423f8d5aaf/data/goals_time2/spanien_la-liga-2005-2006.json; https://raw.githubusercontent.com/schochastics/football-data/6ba5e7e8f8657b6ccdeb0e89778765423f8d5aaf/data/goals_time2/spanien_la-liga-2006-2007.json; https://raw.githubusercontent.com/schochastics/football-data/6ba5e7e8f8657b6ccdeb0e89778765423f8d5aaf/data/goals_time2/spanien_la-liga-2009-2010.json; https://raw.githubusercontent.com/schochastics/football-data/6ba5e7e8f8657b6ccdeb0e89778765423f8d5aaf/data/goals_time2/spanien_la-liga-2010-2011.json; https://raw.githubusercontent.com/schochastics/football-data/6ba5e7e8f8657b6ccdeb0e89778765423f8d5aaf/data/goals_time2/spanien_la-liga-2011-2012.json; https://raw.githubusercontent.com/schochastics/football-data/6ba5e7e8f8657b6ccdeb0e89778765423f8d5aaf/data/goals_time2/spanien_la-liga-2012-2013.json; https://raw.githubusercontent.com/schochastics/football-data/6ba5e7e8f8657b6ccdeb0e89778765423f8d5aaf/data/goals_time2/spanien_la-liga-2013-2014.json; https://raw.githubusercontent.com/schochastics/football-data/6ba5e7e8f8657b6ccdeb0e89778765423f8d5aaf/data/goals_time2/spanien_la-liga-2014-2015.json; https://raw.githubusercontent.com/schochastics/football-data/6ba5e7e8f8657b6ccdeb0e89778765423f8d5aaf/data/goals_time2/spanien_la-liga-2015-2016.json; https://raw.githubusercontent.com/schochastics/football-data/6ba5e7e8f8657b6ccdeb0e89778765423f8d5aaf/data/goals_time2/spanien_la-liga-2016-2017.json; https://raw.githubusercontent.com/schochastics/football-data/6ba5e7e8f8657b6ccdeb0e89778765423f8d5aaf/data/goals_time2/spanien_la-liga-2017-2018.json"
"top20","club-career-yellow-cards","provisional","player","Tarjetas amarillas globales en clubes","rs_5895851333bc943b6e468ed0","draft","src_3129c29b99f9dd5e4f3f415b","schochastics-football-data-incidents","review_required","false","false","","","","","","","","","","","20","football-data:player:pepe","football-data:player:pepe","Pepe","Pepe","123","20","19","canonical","false","fallback","https://github.com/schochastics/football-data; https://raw.githubusercontent.com/schochastics/football-data/6ba5e7e8f8657b6ccdeb0e89778765423f8d5aaf/data/goals_time2/portugal_liga-portugal-2017-2018.json; https://raw.githubusercontent.com/schochastics/football-data/6ba5e7e8f8657b6ccdeb0e89778765423f8d5aaf/data/goals_time2/portugal_liga-portugal-2018-2019.json; https://raw.githubusercontent.com/schochastics/football-data/6ba5e7e8f8657b6ccdeb0e89778765423f8d5aaf/data/goals_time2/portugal_liga-portugal-2019-2020.json; https://raw.githubusercontent.com/schochastics/football-data/6ba5e7e8f8657b6ccdeb0e89778765423f8d5aaf/data/goals_time2/portugal_liga-portugal-2020-2021.json; https://raw.githubusercontent.com/schochastics/football-data/6ba5e7e8f8657b6ccdeb0e89778765423f8d5aaf/data/goals_time2/portugal_liga-portugal-2021-2022.json; https://raw.githubusercontent.com/schochastics/football-data/6ba5e7e8f8657b6ccdeb0e89778765423f8d5aaf/data/goals_time2/portugal_liga-portugal-2022-2023.json; https://raw.githubusercontent.com/schochastics/football-data/6ba5e7e8f8657b6ccdeb0e89778765423f8d5aaf/data/goals_time2/portugal_liga-portugal-2023-2024.json; https://raw.githubusercontent.com/schochastics/football-data/6ba5e7e8f8657b6ccdeb0e89778765423f8d5aaf/data/goals_time2/portugal_liga-portugal-2024-2025.json; https://raw.githubusercontent.com/schochastics/football-data/6ba5e7e8f8657b6ccdeb0e89778765423f8d5aaf/data/goals_time2/spanien_la-liga-2007-2008.json; https://raw.githubusercontent.com/schochastics/football-data/6ba5e7e8f8657b6ccdeb0e89778765423f8d5aaf/data/goals_time2/spanien_la-liga-2008-2009.json; https://raw.githubusercontent.com/schochastics/football-data/6ba5e7e8f8657b6ccdeb0e89778765423f8d5aaf/data/goals_time2/spanien_la-liga-2009-2010.json; https://raw.githubusercontent.com/schochastics/football-data/6ba5e7e8f8657b6ccdeb0e89778765423f8d5aaf/data/goals_time2/spanien_la-liga-2010-2011.json; https://raw.githubusercontent.com/schochastics/football-data/6ba5e7e8f8657b6ccdeb0e89778765423f8d5aaf/data/goals_time2/spanien_la-liga-2011-2012.json; https://raw.githubusercontent.com/schochastics/football-data/6ba5e7e8f8657b6ccdeb0e89778765423f8d5aaf/data/goals_time2/spanien_la-liga-2012-2013.json; https://raw.githubusercontent.com/schochastics/football-data/6ba5e7e8f8657b6ccdeb0e89778765423f8d5aaf/data/goals_time2/spanien_la-liga-2013-2014.json; https://raw.githubusercontent.com/schochastics/football-data/6ba5e7e8f8657b6ccdeb0e89778765423f8d5aaf/data/goals_time2/spanien_la-liga-2014-2015.json; https://raw.githubusercontent.com/schochastics/football-data/6ba5e7e8f8657b6ccdeb0e89778765423f8d5aaf/data/goals_time2/spanien_la-liga-2015-2016.json; https://raw.githubusercontent.com/schochastics/football-data/6ba5e7e8f8657b6ccdeb0e89778765423f8d5aaf/data/goals_time2/spanien_la-liga-2016-2017.json"
"category","player-career-goals","provisional","player","Goles globales en la carrera","rs_e880e07b96e87d09cbb011f9","draft","src_b7a49f05ae6de7c2189947f2","rango90-global-career-goals-derived","review_required","false","false","200","200","200","200","0","0","0","200","licensed","coverage_incomplete; declared_200_incomplete; temporal_window_not_declared; global_label_overclaims_scope; source_rights_not_approved","","","","","","","","","","","",""
"top20","player-career-goals","provisional","player","Goles globales en la carrera","rs_e880e07b96e87d09cbb011f9","draft","src_b7a49f05ae6de7c2189947f2","rango90-global-career-goals-derived","review_required","false","false","","","","","","","","","","","1","pl:player:2522","pl:player:2522","Cristiano Ronaldo","Cristiano Ronaldo","791","1","1","canonical","true","licensed","https://v3.football.api-sports.io/players"
"top20","player-career-goals","provisional","player","Goles globales en la carrera","rs_e880e07b96e87d09cbb011f9","draft","src_b7a49f05ae6de7c2189947f2","rango90-global-career-goals-derived","review_required","false","false","","","","","","","","","","","2","france-football:player:21740","france-football:player:21740","Lionel Messi","Lionel Messi","741","2","2","canonical","true","licensed","https://v3.football.api-sports.io/players"
"top20","player-career-goals","provisional","player","Goles globales en la carrera","rs_e880e07b96e87d09cbb011f9","draft","src_b7a49f05ae6de7c2189947f2","rango90-global-career-goals-derived","review_required","false","false","","","","","","","","","","","3","api-football:player:521","api-football:player:521","Robert Lewandowski","Robert Lewandowski","511","3","3","canonical","true","licensed","https://v3.football.api-sports.io/players"
"top20","player-career-goals","provisional","player","Goles globales en la carrera","rs_e880e07b96e87d09cbb011f9","draft","src_b7a49f05ae6de7c2189947f2","rango90-global-career-goals-derived","review_required","false","false","","","","","","","","","","","4","pl:player:5772","pl:player:5772","Zlatan Ibrahimović","Zlatan Ibrahimović","396","4","4","canonical","true","licensed","https://v3.football.api-sports.io/players"
"top20","player-career-goals","provisional","player","Goles globales en la carrera","rs_e880e07b96e87d09cbb011f9","draft","src_b7a49f05ae6de7c2189947f2","rango90-global-career-goals-derived","review_required","false","false","","","","","","","","","","","5","pl:player:3960","pl:player:3960","Harry Kane","Harry Kane","394","5","5","canonical","true","licensed","https://v3.football.api-sports.io/players"
"top20","player-career-goals","provisional","player","Goles globales en la carrera","rs_e880e07b96e87d09cbb011f9","draft","src_b7a49f05ae6de7c2189947f2","rango90-global-career-goals-derived","review_required","false","false","","","","","","","","","","","6","france-football:player:22047","france-football:player:22047","Karim Benzema","Karim Benzema","371","6","6","canonical","true","licensed","https://v3.football.api-sports.io/players"
"top20","player-career-goals","provisional","player","Goles globales en la carrera","rs_e880e07b96e87d09cbb011f9","draft","src_b7a49f05ae6de7c2189947f2","rango90-global-career-goals-derived","review_required","false","false","","","","","","","","","","","7","pl:player:4138","pl:player:4138","Luis Suárez","Luis Suárez","364","7","7","canonical","true","licensed","https://v3.football.api-sports.io/players"
"top20","player-career-goals","provisional","player","Goles globales en la carrera","rs_e880e07b96e87d09cbb011f9","draft","src_b7a49f05ae6de7c2189947f2","rango90-global-career-goals-derived","review_required","false","false","","","","","","","","","","","8","pl:player:4151","pl:player:4151","Edin Džeko","Edin Džeko","357","8","8","canonical","true","licensed","https://v3.football.api-sports.io/players"
"top20","player-career-goals","provisional","player","Goles globales en la carrera","rs_e880e07b96e87d09cbb011f9","draft","src_b7a49f05ae6de7c2189947f2","rango90-global-career-goals-derived","review_required","false","false","","","","","","","","","","","8","pl:player:5178","pl:player:5178","Mohamed Salah","Mohamed Salah","357","8","8","canonical","true","licensed","https://v3.football.api-sports.io/players"
"top20","player-career-goals","provisional","player","Goles globales en la carrera","rs_e880e07b96e87d09cbb011f9","draft","src_b7a49f05ae6de7c2189947f2","rango90-global-career-goals-derived","review_required","false","false","","","","","","","","","","","10","pl:player:5771","pl:player:5771","Edinson Cavani","Edinson Cavani","328","10","9","canonical","true","licensed","https://v3.football.api-sports.io/players"
"top20","player-career-goals","provisional","player","Goles globales en la carrera","rs_e880e07b96e87d09cbb011f9","draft","src_b7a49f05ae6de7c2189947f2","rango90-global-career-goals-derived","review_required","false","false","","","","","","","","","","","11","api-football:player:278","api-football:player:278","Kylian Mbappé","Kylian Mbappé","323","11","10","canonical","true","licensed","https://v3.football.api-sports.io/players"
"top20","player-career-goals","provisional","player","Goles globales en la carrera","rs_e880e07b96e87d09cbb011f9","draft","src_b7a49f05ae6de7c2189947f2","rango90-global-career-goals-derived","review_required","false","false","","","","","","","","","","","12","bdfutbol:la-liga:player:267fbafb4352bca71dee5cca","bdfutbol:la-liga:player:267fbafb4352bca71dee5cca","Sergio Agüero","Sergio Agüero","318","12","11","canonical","true","licensed","https://v3.football.api-sports.io/players"
"top20","player-career-goals","provisional","player","Goles globales en la carrera","rs_e880e07b96e87d09cbb011f9","draft","src_b7a49f05ae6de7c2189947f2","rango90-global-career-goals-derived","review_required","false","false","","","","","","","","","","","13","pl:player:5110","pl:player:5110","Pierre-Emerick Aubameyang","Pierre-Emerick Aubameyang","299","13","12","canonical","true","licensed","https://v3.football.api-sports.io/players"
"top20","player-career-goals","provisional","player","Goles globales en la carrera","rs_e880e07b96e87d09cbb011f9","draft","src_b7a49f05ae6de7c2189947f2","rango90-global-career-goals-derived","review_required","false","false","","","","","","","","","","","14","pl:player:5698","pl:player:5698","Gonzalo Higuaín","Gonzalo Higuaín","274","14","13","canonical","true","licensed","https://v3.football.api-sports.io/players"
"top20","player-career-goals","provisional","player","Goles globales en la carrera","rs_e880e07b96e87d09cbb011f9","draft","src_b7a49f05ae6de7c2189947f2","rango90-global-career-goals-derived","review_required","false","false","","","","","","","","","","","15","rsssf:international:player:f99ff9fb513907a5537ff5a1","rsssf:international:player:f99ff9fb513907a5537ff5a1","David Villa","David Villa","270","15","14","canonical","true","licensed","https://v3.football.api-sports.io/players"
"top20","player-career-goals","provisional","player","Goles globales en la carrera","rs_e880e07b96e87d09cbb011f9","draft","src_b7a49f05ae6de7c2189947f2","rango90-global-career-goals-derived","review_required","false","false","","","","","","","","","","","16","pl:player:4751","pl:player:4751","Samuel Eto'o Fils","Samuel Eto'o Fils","266","16","15","canonical","true","licensed","https://v3.football.api-sports.io/players"
"top20","player-career-goals","provisional","player","Goles globales en la carrera","rs_e880e07b96e87d09cbb011f9","draft","src_b7a49f05ae6de7c2189947f2","rango90-global-career-goals-derived","review_required","false","false","","","","","","","","","","","17","pl:player:4290","pl:player:4290","Romelu Lukaku","Romelu Lukaku","259","17","16","canonical","true","licensed","https://v3.football.api-sports.io/players"
"top20","player-career-goals","provisional","player","Goles globales en la carrera","rs_e880e07b96e87d09cbb011f9","draft","src_b7a49f05ae6de7c2189947f2","rango90-global-career-goals-derived","review_required","false","false","","","","","","","","","","","18","pl:player:4999","pl:player:4999","Son Heung-Min","Son Heung-Min","254","18","17","canonical","true","licensed","https://v3.football.api-sports.io/players"
"top20","player-career-goals","provisional","player","Goles globales en la carrera","rs_e880e07b96e87d09cbb011f9","draft","src_b7a49f05ae6de7c2189947f2","rango90-global-career-goals-derived","review_required","false","false","","","","","","","","","","","19","api-football:player:56","api-football:player:56","Antoine Griezmann","Antoine Griezmann","250","19","18","canonical","true","licensed","https://v3.football.api-sports.io/players"
"top20","player-career-goals","provisional","player","Goles globales en la carrera","rs_e880e07b96e87d09cbb011f9","draft","src_b7a49f05ae6de7c2189947f2","rango90-global-career-goals-derived","review_required","false","false","","","","","","","","","","","20","pl:player:6899","pl:player:6899","Alexandre Lacazette","Alexandre Lacazette","247","20","19","canonical","true","licensed","https://v3.football.api-sports.io/players"
"category","uefa-champions-league-assists","provisional","player","Asistencias históricas — UEFA Champions League","rs_97ca925279ab2bf17cd918a2","draft","src_792ba66c6782f2d479a2a07b","api-football","review_required","false","false","200","200","200","200","0","0","0","200","licensed","coverage_incomplete; declared_200_incomplete; global_label_overclaims_scope; source_rights_not_approved","","","","","","","","","","","",""
"top20","uefa-champions-league-assists","provisional","player","Asistencias históricas — UEFA Champions League","rs_97ca925279ab2bf17cd918a2","draft","src_792ba66c6782f2d479a2a07b","api-football","review_required","false","false","","","","","","","","","","","1","api-football:player:278","api-football:player:278","Kylian Mbappé","Kylian Mbappé","28","1","1","canonical","true","licensed","https://v3.football.api-sports.io/players"
"top20","uefa-champions-league-assists","provisional","player","Asistencias históricas — UEFA Champions League","rs_97ca925279ab2bf17cd918a2","draft","src_792ba66c6782f2d479a2a07b","api-football","review_required","false","false","","","","","","","","","","","1","pl:player:5794","pl:player:5794","Ángel Di María","Ángel Di María","28","1","1","canonical","true","licensed","https://v3.football.api-sports.io/players"
"top20","uefa-champions-league-assists","provisional","player","Asistencias históricas — UEFA Champions League","rs_97ca925279ab2bf17cd918a2","draft","src_792ba66c6782f2d479a2a07b","api-football","review_required","false","false","","","","","","","","","","","3","api-football:player:276","api-football:player:276","Neymar","Neymar","27","3","2","canonical","true","licensed","https://v3.football.api-sports.io/players"
"top20","uefa-champions-league-assists","provisional","player","Asistencias históricas — UEFA Champions League","rs_97ca925279ab2bf17cd918a2","draft","src_792ba66c6782f2d479a2a07b","api-football","review_required","false","false","","","","","","","","","","","3","pl:player:4288","pl:player:4288","Kevin De Bruyne","Kevin De Bruyne","27","3","2","canonical","true","licensed","https://v3.football.api-sports.io/players"
"top20","uefa-champions-league-assists","provisional","player","Asistencias históricas — UEFA Champions League","rs_97ca925279ab2bf17cd918a2","draft","src_792ba66c6782f2d479a2a07b","api-football","review_required","false","false","","","","","","","","","","","5","uefa:player:c6e8e898cb32fd88c5f55e94","uefa:player:c6e8e898cb32fd88c5f55e94","Vinícius Júnior","Vinícius Júnior","26","5","3","canonical","true","licensed","https://v3.football.api-sports.io/players"
"top20","uefa-champions-league-assists","provisional","player","Asistencias históricas — UEFA Champions League","rs_97ca925279ab2bf17cd918a2","draft","src_792ba66c6782f2d479a2a07b","api-football","review_required","false","false","","","","","","","","","","","6","pl:player:2522","pl:player:2522","Cristiano Ronaldo","Cristiano Ronaldo","25","6","4","canonical","true","licensed","https://v3.football.api-sports.io/players"
"top20","uefa-champions-league-assists","provisional","player","Asistencias históricas — UEFA Champions League","rs_97ca925279ab2bf17cd918a2","draft","src_792ba66c6782f2d479a2a07b","api-football","review_required","false","false","","","","","","","","","","","7","api-football:player:153","api-football:player:153","Masour Dembélé","Masour Dembélé","23","7","5","canonical","true","licensed","https://v3.football.api-sports.io/players"
"top20","uefa-champions-league-assists","provisional","player","Asistencias históricas — UEFA Champions League","rs_97ca925279ab2bf17cd918a2","draft","src_792ba66c6782f2d479a2a07b","api-football","review_required","false","false","","","","","","","","","","","7","statbunker:world-cup:player:51549","statbunker:world-cup:player:51549","Joshua Kimmich","Joshua Kimmich","23","7","5","canonical","true","licensed","https://v3.football.api-sports.io/players"
"top20","uefa-champions-league-assists","provisional","player","Asistencias históricas — UEFA Champions League","rs_97ca925279ab2bf17cd918a2","draft","src_792ba66c6782f2d479a2a07b","api-football","review_required","false","false","","","","","","","","","","","9","pl:player:10498","pl:player:10498","Dušan Tadić","Dušan Tadić","19","9","6","canonical","true","licensed","https://v3.football.api-sports.io/players"
"top20","uefa-champions-league-assists","provisional","player","Asistencias históricas — UEFA Champions League","rs_97ca925279ab2bf17cd918a2","draft","src_792ba66c6782f2d479a2a07b","api-football","review_required","false","false","","","","","","","","","","","9","pl:player:5178","pl:player:5178","Mohamed Salah","Mohamed Salah","19","9","6","canonical","true","licensed","https://v3.football.api-sports.io/players"
"top20","uefa-champions-league-assists","provisional","player","Asistencias históricas — UEFA Champions League","rs_97ca925279ab2bf17cd918a2","draft","src_792ba66c6782f2d479a2a07b","api-football","review_required","false","false","","","","","","","","","","","9","rsssf:world-cup:player:f689988d401e62be3eddbbd9","rsssf:world-cup:player:f689988d401e62be3eddbbd9","Jude Bellingham","Jude Bellingham","19","9","6","canonical","true","licensed","https://v3.football.api-sports.io/players"
"top20","uefa-champions-league-assists","provisional","player","Asistencias históricas — UEFA Champions League","rs_97ca925279ab2bf17cd918a2","draft","src_792ba66c6782f2d479a2a07b","api-football","review_required","false","false","","","","","","","","","","","12","pl:player:4316","pl:player:4316","Raheem Sterling","Raheem Sterling","18","12","7","canonical","true","licensed","https://v3.football.api-sports.io/players"
"top20","uefa-champions-league-assists","provisional","player","Asistencias históricas — UEFA Champions League","rs_97ca925279ab2bf17cd918a2","draft","src_792ba66c6782f2d479a2a07b","api-football","review_required","false","false","","","","","","","","","","","12","pl:player:5101","pl:player:5101","İlkay Gündoğan","İlkay Gündoğan","18","12","7","canonical","true","licensed","https://v3.football.api-sports.io/players"
"top20","uefa-champions-league-assists","provisional","player","Asistencias históricas — UEFA Champions League","rs_97ca925279ab2bf17cd918a2","draft","src_792ba66c6782f2d479a2a07b","api-football","review_required","false","false","","","","","","","","","","","12","pl:player:5384","pl:player:5384","Leroy Sané","Leroy Sané","18","12","7","canonical","true","licensed","https://v3.football.api-sports.io/players"
"top20","uefa-champions-league-assists","provisional","player","Asistencias históricas — UEFA Champions League","rs_97ca925279ab2bf17cd918a2","draft","src_792ba66c6782f2d479a2a07b","api-football","review_required","false","false","","","","","","","","","","","12","pl:player:7316","pl:player:7316","Marcel Sabitzer","Marcel Sabitzer","18","12","7","canonical","true","licensed","https://v3.football.api-sports.io/players"
"top20","uefa-champions-league-assists","provisional","player","Asistencias históricas — UEFA Champions League","rs_97ca925279ab2bf17cd918a2","draft","src_792ba66c6782f2d479a2a07b","api-football","review_required","false","false","","","","","","","","","","","12","statbunker:world-cup:player:55225","statbunker:world-cup:player:55225","Achraf Hakimi","Achraf Hakimi","18","12","7","canonical","true","licensed","https://v3.football.api-sports.io/players"
"top20","uefa-champions-league-assists","provisional","player","Asistencias históricas — UEFA Champions League","rs_97ca925279ab2bf17cd918a2","draft","src_792ba66c6782f2d479a2a07b","api-football","review_required","false","false","","","","","","","","","","","17","france-football:player:21740","france-football:player:21740","Lionel Messi","Lionel Messi","17","17","8","canonical","true","licensed","https://v3.football.api-sports.io/players"
"top20","uefa-champions-league-assists","provisional","player","Asistencias históricas — UEFA Champions League","rs_97ca925279ab2bf17cd918a2","draft","src_792ba66c6782f2d479a2a07b","api-football","review_required","false","false","","","","","","","","","","","18","api-football:player:552","api-football:player:552","David Neres","David Neres","16","18","9","canonical","true","licensed","https://v3.football.api-sports.io/players"
"top20","uefa-champions-league-assists","provisional","player","Asistencias históricas — UEFA Champions League","rs_97ca925279ab2bf17cd918a2","draft","src_792ba66c6782f2d479a2a07b","api-football","review_required","false","false","","","","","","","","","","","18","api-football:player:56","api-football:player:56","Antoine Griezmann","Antoine Griezmann","16","18","9","canonical","true","licensed","https://v3.football.api-sports.io/players"
"top20","uefa-champions-league-assists","provisional","player","Asistencias históricas — UEFA Champions League","rs_97ca925279ab2bf17cd918a2","draft","src_792ba66c6782f2d479a2a07b","api-football","review_required","false","false","","","","","","","","","","","18","pl:player:8983","pl:player:8983","Riyad Mahrez","Riyad Mahrez","16","18","9","canonical","true","licensed","https://v3.football.api-sports.io/players"
"category","uefa-champions-league-goals","provisional","player","Goles históricos — UEFA Champions League","rs_870f1dff967bb160f2d132cc","draft","src_257235808020fc330123b522","transfermarkt-european-cup-champions-league-historical-goals","review_required","true","true","200","200","200","200","0","0","0","86","licensed","source_rights_not_approved","","","","","","","","","","","",""
"top20","uefa-champions-league-goals","provisional","player","Goles históricos — UEFA Champions League","rs_870f1dff967bb160f2d132cc","draft","src_257235808020fc330123b522","transfermarkt-european-cup-champions-league-historical-goals","review_required","true","true","","","","","","","","","","","1","pl:player:2522","pl:player:2522","Cristiano Ronaldo","Cristiano Ronaldo","140","1","1","canonical","true","licensed","https://www.transfermarkt.com/champions-league/ewigetorschuetzenliste/pokalwettbewerb/CL/land_id/0/plus/0/galerie/0"
"top20","uefa-champions-league-goals","provisional","player","Goles históricos — UEFA Champions League","rs_870f1dff967bb160f2d132cc","draft","src_257235808020fc330123b522","transfermarkt-european-cup-champions-league-historical-goals","review_required","true","true","","","","","","","","","","","2","france-football:player:21740","france-football:player:21740","Lionel Messi","Lionel Messi","129","2","2","canonical","true","licensed","https://www.transfermarkt.com/champions-league/ewigetorschuetzenliste/pokalwettbewerb/CL/land_id/0/plus/0/galerie/0"
"top20","uefa-champions-league-goals","provisional","player","Goles históricos — UEFA Champions League","rs_870f1dff967bb160f2d132cc","draft","src_257235808020fc330123b522","transfermarkt-european-cup-champions-league-historical-goals","review_required","true","true","","","","","","","","","","","3","uefa:player:5c3862ab1eb2e7e94c3cad87","uefa:player:5c3862ab1eb2e7e94c3cad87","Lewandowski","Lewandowski","109","3","3","canonical","false","licensed","https://www.transfermarkt.com/champions-league/ewigetorschuetzenliste/pokalwettbewerb/CL/land_id/0/plus/0/galerie/0"
"top20","uefa-champions-league-goals","provisional","player","Goles históricos — UEFA Champions League","rs_870f1dff967bb160f2d132cc","draft","src_257235808020fc330123b522","transfermarkt-european-cup-champions-league-historical-goals","review_required","true","true","","","","","","","","","","","4","france-football:player:22047","france-football:player:22047","Karim Benzema","Karim Benzema","90","4","4","canonical","true","licensed","https://www.transfermarkt.com/champions-league/ewigetorschuetzenliste/pokalwettbewerb/CL/land_id/0/plus/0/galerie/0"
"top20","uefa-champions-league-goals","provisional","player","Goles históricos — UEFA Champions League","rs_870f1dff967bb160f2d132cc","draft","src_257235808020fc330123b522","transfermarkt-european-cup-champions-league-historical-goals","review_required","true","true","","","","","","","","","","","5","transfermarkt:european-cup-champions-league:player:a071134f4896322ba99edf15","transfermarkt:european-cup-champions-league:player:a071134f4896322ba99edf15","Kylian Mbappé","Kylian Mbappé","71","5","5","canonical","false","licensed","https://www.transfermarkt.com/champions-league/ewigetorschuetzenliste/pokalwettbewerb/CL/land_id/0/plus/0/galerie/0"
"top20","uefa-champions-league-goals","provisional","player","Goles históricos — UEFA Champions League","rs_870f1dff967bb160f2d132cc","draft","src_257235808020fc330123b522","transfermarkt-european-cup-champions-league-historical-goals","review_required","true","true","","","","","","","","","","","5","transfermarkt:european-cup-champions-league:player:b8cc45b74357d05470f9fa6c","transfermarkt:european-cup-champions-league:player:b8cc45b74357d05470f9fa6c","Raúl","Raúl","71","5","5","canonical","false","licensed","https://www.transfermarkt.com/champions-league/ewigetorschuetzenliste/pokalwettbewerb/CL/land_id/0/plus/0/galerie/0"
"top20","uefa-champions-league-goals","provisional","player","Goles históricos — UEFA Champions League","rs_870f1dff967bb160f2d132cc","draft","src_257235808020fc330123b522","transfermarkt-european-cup-champions-league-historical-goals","review_required","true","true","","","","","","","","","","","7","uefa:player:0484e7fe0d00a68288865d80","uefa:player:0484e7fe0d00a68288865d80","Haaland","Haaland","59","7","6","canonical","true","licensed","https://www.transfermarkt.com/champions-league/ewigetorschuetzenliste/pokalwettbewerb/CL/land_id/0/plus/0/galerie/0"
"top20","uefa-champions-league-goals","provisional","player","Goles históricos — UEFA Champions League","rs_870f1dff967bb160f2d132cc","draft","src_257235808020fc330123b522","transfermarkt-european-cup-champions-league-historical-goals","review_required","true","true","","","","","","","","","","","8","dfb:bundesliga:player:c50065a141a513c2431d1c08","dfb:bundesliga:player:c50065a141a513c2431d1c08","Thomas Müller","Thomas Müller","57","8","7","canonical","true","licensed","https://www.transfermarkt.com/champions-league/ewigetorschuetzenliste/pokalwettbewerb/CL/land_id/0/plus/0/galerie/0"
"top20","uefa-champions-league-goals","provisional","player","Goles históricos — UEFA Champions League","rs_870f1dff967bb160f2d132cc","draft","src_257235808020fc330123b522","transfermarkt-european-cup-champions-league-historical-goals","review_required","true","true","","","","","","","","","","","9","pl:player:2117","pl:player:2117","Ruud van Nistelrooij","Ruud van Nistelrooij","56","9","8","canonical","true","licensed","https://www.transfermarkt.com/champions-league/ewigetorschuetzenliste/pokalwettbewerb/CL/land_id/0/plus/0/galerie/0"
"top20","uefa-champions-league-goals","provisional","player","Goles históricos — UEFA Champions League","rs_870f1dff967bb160f2d132cc","draft","src_257235808020fc330123b522","transfermarkt-european-cup-champions-league-historical-goals","review_required","true","true","","","","","","","","","","","10","pl:player:3960","pl:player:3960","Harry Kane","Harry Kane","55","10","9","canonical","true","licensed","https://www.transfermarkt.com/champions-league/ewigetorschuetzenliste/pokalwettbewerb/CL/land_id/0/plus/0/galerie/0"
"top20","uefa-champions-league-goals","provisional","player","Goles históricos — UEFA Champions League","rs_870f1dff967bb160f2d132cc","draft","src_257235808020fc330123b522","transfermarkt-european-cup-champions-league-historical-goals","review_required","true","true","","","","","","","","","","","11","pl:player:1659","pl:player:1659","Thierry Henry","Thierry Henry","50","11","10","canonical","true","licensed","https://www.transfermarkt.com/champions-league/ewigetorschuetzenliste/pokalwettbewerb/CL/land_id/0/plus/0/galerie/0"
"top20","uefa-champions-league-goals","provisional","player","Goles históricos — UEFA Champions League","rs_870f1dff967bb160f2d132cc","draft","src_257235808020fc330123b522","transfermarkt-european-cup-champions-league-historical-goals","review_required","true","true","","","","","","","","","","","11","pl:player:5178","pl:player:5178","Mohamed Salah","Mohamed Salah","50","11","10","canonical","true","licensed","https://www.transfermarkt.com/champions-league/ewigetorschuetzenliste/pokalwettbewerb/CL/land_id/0/plus/0/galerie/0"
"top20","uefa-champions-league-goals","provisional","player","Goles históricos — UEFA Champions League","rs_870f1dff967bb160f2d132cc","draft","src_257235808020fc330123b522","transfermarkt-european-cup-champions-league-historical-goals","review_required","true","true","","","","","","","","","","","13","france-football:player:10288","france-football:player:10288","Alfredo Di Stefano","Alfredo Di Stefano","49","13","11","canonical","false","licensed","https://www.transfermarkt.com/champions-league/ewigetorschuetzenliste/pokalwettbewerb/CL/land_id/0/plus/0/galerie/0"
"top20","uefa-champions-league-goals","provisional","player","Goles históricos — UEFA Champions League","rs_870f1dff967bb160f2d132cc","draft","src_257235808020fc330123b522","transfermarkt-european-cup-champions-league-historical-goals","review_required","true","true","","","","","","","","","","","14","pl:player:3106","pl:player:3106","Andriy Shevchenko","Andriy Shevchenko","48","14","12","canonical","true","licensed","https://www.transfermarkt.com/champions-league/ewigetorschuetzenliste/pokalwettbewerb/CL/land_id/0/plus/0/galerie/0"
"top20","uefa-champions-league-goals","provisional","player","Goles históricos — UEFA Champions League","rs_870f1dff967bb160f2d132cc","draft","src_257235808020fc330123b522","transfermarkt-european-cup-champions-league-historical-goals","review_required","true","true","","","","","","","","","","","14","transfermarkt:european-cup-champions-league:player:2ae2a8010ba024ac44267ca4","transfermarkt:european-cup-champions-league:player:2ae2a8010ba024ac44267ca4","Zlatan Ibrahimović","Zlatan Ibrahimović","48","14","12","canonical","false","licensed","https://www.transfermarkt.com/champions-league/ewigetorschuetzenliste/pokalwettbewerb/CL/land_id/0/plus/0/galerie/0"
"top20","uefa-champions-league-goals","provisional","player","Goles históricos — UEFA Champions League","rs_870f1dff967bb160f2d132cc","draft","src_257235808020fc330123b522","transfermarkt-european-cup-champions-league-historical-goals","review_required","true","true","","","","","","","","","","","16","france-football:player:10294","france-football:player:10294","Eusébio","Eusébio","46","16","13","canonical","true","licensed","https://www.transfermarkt.com/champions-league/ewigetorschuetzenliste/pokalwettbewerb/CL/land_id/0/plus/0/galerie/0"
"top20","uefa-champions-league-goals","provisional","player","Goles históricos — UEFA Champions League","rs_870f1dff967bb160f2d132cc","draft","src_257235808020fc330123b522","transfermarkt-european-cup-champions-league-historical-goals","review_required","true","true","","","","","","","","","","","16","uefa:player:2ccf410479e84b2c69ebde7d","uefa:player:2ccf410479e84b2c69ebde7d","F. Inzaghi","F. Inzaghi","46","16","13","canonical","false","licensed","https://www.transfermarkt.com/champions-league/ewigetorschuetzenliste/pokalwettbewerb/CL/land_id/0/plus/0/galerie/0"
"top20","uefa-champions-league-goals","provisional","player","Goles históricos — UEFA Champions League","rs_870f1dff967bb160f2d132cc","draft","src_257235808020fc330123b522","transfermarkt-european-cup-champions-league-historical-goals","review_required","true","true","","","","","","","","","","","18","api-football:player:56","api-football:player:56","Antoine Griezmann","Antoine Griezmann","44","18","14","canonical","true","licensed","https://www.transfermarkt.com/champions-league/ewigetorschuetzenliste/pokalwettbewerb/CL/land_id/0/plus/0/galerie/0"
"top20","uefa-champions-league-goals","provisional","player","Goles históricos — UEFA Champions League","rs_870f1dff967bb160f2d132cc","draft","src_257235808020fc330123b522","transfermarkt-european-cup-champions-league-historical-goals","review_required","true","true","","","","","","","","","","","18","pl:player:2662","pl:player:2662","Didier Drogba","Didier Drogba","44","18","14","canonical","false","licensed","https://www.transfermarkt.com/champions-league/ewigetorschuetzenliste/pokalwettbewerb/CL/land_id/0/plus/0/galerie/0"
"top20","uefa-champions-league-goals","provisional","player","Goles históricos — UEFA Champions League","rs_870f1dff967bb160f2d132cc","draft","src_257235808020fc330123b522","transfermarkt-european-cup-champions-league-historical-goals","review_required","true","true","","","","","","","","","","","20","bdfutbol:la-liga:player:8496753b629895ff211f4d41","bdfutbol:la-liga:player:8496753b629895ff211f4d41","Neymar da Silva Santos Júnior","Neymar da Silva Santos Júnior","43","20","15","canonical","true","licensed","https://www.transfermarkt.com/champions-league/ewigetorschuetzenliste/pokalwettbewerb/CL/land_id/0/plus/0/galerie/0"
"category","world-cup-goals","provisional","player","Goles históricos — FIFA World Cup","rs_7cc0d9cf795a275b93106c43","draft","src_a5862ab2e594939ddfa99181","transfermarkt-world-cup-historical-goals","review_required","true","true","200","200","200","200","0","0","0","200","mixed","temporal_window_not_declared; source_rights_not_approved; top20_visual_assets_not_licensed","","","","","","","","","","","",""
"top20","world-cup-goals","provisional","player","Goles históricos — FIFA World Cup","rs_7cc0d9cf795a275b93106c43","draft","src_a5862ab2e594939ddfa99181","transfermarkt-world-cup-historical-goals","review_required","true","true","","","","","","","","","","","1","transfermarkt:world-cup:player:a071134f4896322ba99edf15","transfermarkt:world-cup:player:a071134f4896322ba99edf15","Kylian Mbappé","Kylian Mbappé","22","1","1","canonical","true","licensed","https://www.transfermarkt.com/weltmeisterschaft/ewigetorschuetzenliste/pokalwettbewerb/FIWC/plus//land_id/0"
"top20","world-cup-goals","provisional","player","Goles históricos — FIFA World Cup","rs_7cc0d9cf795a275b93106c43","draft","src_a5862ab2e594939ddfa99181","transfermarkt-world-cup-historical-goals","review_required","true","true","","","","","","","","","","","2","transfermarkt:world-cup:player:e0cbd48e4220c983d0bc20e3","transfermarkt:world-cup:player:e0cbd48e4220c983d0bc20e3","Lionel Messi","Lionel Messi","21","2","2","canonical","true","fallback","https://www.transfermarkt.com/weltmeisterschaft/ewigetorschuetzenliste/pokalwettbewerb/FIWC/plus//land_id/0"
"top20","world-cup-goals","provisional","player","Goles históricos — FIFA World Cup","rs_7cc0d9cf795a275b93106c43","draft","src_a5862ab2e594939ddfa99181","transfermarkt-world-cup-historical-goals","review_required","true","true","","","","","","","","","","","3","transfermarkt:world-cup:player:142f3bb04550dc5e2f02bdd8","transfermarkt:world-cup:player:142f3bb04550dc5e2f02bdd8","Miroslav Klose","Miroslav Klose","16","3","3","canonical","true","fallback","https://www.transfermarkt.com/weltmeisterschaft/ewigetorschuetzenliste/pokalwettbewerb/FIWC/plus//land_id/0"
"top20","world-cup-goals","provisional","player","Goles históricos — FIFA World Cup","rs_7cc0d9cf795a275b93106c43","draft","src_a5862ab2e594939ddfa99181","transfermarkt-world-cup-historical-goals","review_required","true","true","","","","","","","","","","","4","transfermarkt:world-cup:player:ee353ea3ec0b143f6f5fb032","transfermarkt:world-cup:player:ee353ea3ec0b143f6f5fb032","Ronaldo","Ronaldo","15","4","4","canonical","true","fallback","https://www.transfermarkt.com/weltmeisterschaft/ewigetorschuetzenliste/pokalwettbewerb/FIWC/plus//land_id/0"
"top20","world-cup-goals","provisional","player","Goles históricos — FIFA World Cup","rs_7cc0d9cf795a275b93106c43","draft","src_a5862ab2e594939ddfa99181","transfermarkt-world-cup-historical-goals","review_required","true","true","","","","","","","","","","","5","transfermarkt:world-cup:player:4a3c94c4023852ebc490ff8f","transfermarkt:world-cup:player:4a3c94c4023852ebc490ff8f","Harry Kane","Harry Kane","14","5","5","canonical","true","fallback","https://www.transfermarkt.com/weltmeisterschaft/ewigetorschuetzenliste/pokalwettbewerb/FIWC/plus//land_id/0"
"top20","world-cup-goals","provisional","player","Goles históricos — FIFA World Cup","rs_7cc0d9cf795a275b93106c43","draft","src_a5862ab2e594939ddfa99181","transfermarkt-world-cup-historical-goals","review_required","true","true","","","","","","","","","","","5","transfermarkt:world-cup:player:ba9459195f1c91f27eac05dc","transfermarkt:world-cup:player:ba9459195f1c91f27eac05dc","Gerd Müller","Gerd Müller","14","5","5","canonical","true","fallback","https://www.transfermarkt.com/weltmeisterschaft/ewigetorschuetzenliste/pokalwettbewerb/FIWC/plus//land_id/0"
"top20","world-cup-goals","provisional","player","Goles históricos — FIFA World Cup","rs_7cc0d9cf795a275b93106c43","draft","src_a5862ab2e594939ddfa99181","transfermarkt-world-cup-historical-goals","review_required","true","true","","","","","","","","","","","7","transfermarkt:world-cup:player:60b9f1301d8ba69070e83af0","transfermarkt:world-cup:player:60b9f1301d8ba69070e83af0","Just Fontaine","Just Fontaine","13","7","6","canonical","true","fallback","https://www.transfermarkt.com/weltmeisterschaft/ewigetorschuetzenliste/pokalwettbewerb/FIWC/plus//land_id/0"
"top20","world-cup-goals","provisional","player","Goles históricos — FIFA World Cup","rs_7cc0d9cf795a275b93106c43","draft","src_a5862ab2e594939ddfa99181","transfermarkt-world-cup-historical-goals","review_required","true","true","","","","","","","","","","","8","transfermarkt:world-cup:player:0f03fc0cf25d0c58202b8f98","transfermarkt:world-cup:player:0f03fc0cf25d0c58202b8f98","Pelé","Pelé","12","8","7","canonical","true","fallback","https://www.transfermarkt.com/weltmeisterschaft/ewigetorschuetzenliste/pokalwettbewerb/FIWC/plus//land_id/0"
"top20","world-cup-goals","provisional","player","Goles históricos — FIFA World Cup","rs_7cc0d9cf795a275b93106c43","draft","src_a5862ab2e594939ddfa99181","transfermarkt-world-cup-historical-goals","review_required","true","true","","","","","","","","","","","9","transfermarkt:world-cup:player:08acf787022849299b30ba6a","transfermarkt:world-cup:player:08acf787022849299b30ba6a","Cristiano Ronaldo","Cristiano Ronaldo","11","9","8","canonical","true","fallback","https://www.transfermarkt.com/weltmeisterschaft/ewigetorschuetzenliste/pokalwettbewerb/FIWC/plus//land_id/0"
"top20","world-cup-goals","provisional","player","Goles históricos — FIFA World Cup","rs_7cc0d9cf795a275b93106c43","draft","src_a5862ab2e594939ddfa99181","transfermarkt-world-cup-historical-goals","review_required","true","true","","","","","","","","","","","9","transfermarkt:world-cup:player:4e1e0ec1c733d4220521a4a4","transfermarkt:world-cup:player:4e1e0ec1c733d4220521a4a4","Sándor Kocsis","Sándor Kocsis","11","9","8","canonical","true","fallback","https://www.transfermarkt.com/weltmeisterschaft/ewigetorschuetzenliste/pokalwettbewerb/FIWC/plus//land_id/0"
"top20","world-cup-goals","provisional","player","Goles históricos — FIFA World Cup","rs_7cc0d9cf795a275b93106c43","draft","src_a5862ab2e594939ddfa99181","transfermarkt-world-cup-historical-goals","review_required","true","true","","","","","","","","","","","9","transfermarkt:world-cup:player:63cd8563affc600e6865662c","transfermarkt:world-cup:player:63cd8563affc600e6865662c","Jürgen Klinsmann","Jürgen Klinsmann","11","9","8","canonical","true","licensed","https://www.transfermarkt.com/weltmeisterschaft/ewigetorschuetzenliste/pokalwettbewerb/FIWC/plus//land_id/0"
"top20","world-cup-goals","provisional","player","Goles históricos — FIFA World Cup","rs_7cc0d9cf795a275b93106c43","draft","src_a5862ab2e594939ddfa99181","transfermarkt-world-cup-historical-goals","review_required","true","true","","","","","","","","","","","12","transfermarkt:world-cup:player:419d307c944eb26c6b9a7167","transfermarkt:world-cup:player:419d307c944eb26c6b9a7167","Gabriel Batistuta","Gabriel Batistuta","10","12","9","canonical","true","licensed","https://www.transfermarkt.com/weltmeisterschaft/ewigetorschuetzenliste/pokalwettbewerb/FIWC/plus//land_id/0"
"top20","world-cup-goals","provisional","player","Goles históricos — FIFA World Cup","rs_7cc0d9cf795a275b93106c43","draft","src_a5862ab2e594939ddfa99181","transfermarkt-world-cup-historical-goals","review_required","true","true","","","","","","","","","","","12","transfermarkt:world-cup:player:70cc893c99cf8f0529a17150","transfermarkt:world-cup:player:70cc893c99cf8f0529a17150","Thomas Müller","Thomas Müller","10","12","9","canonical","true","fallback","https://www.transfermarkt.com/weltmeisterschaft/ewigetorschuetzenliste/pokalwettbewerb/FIWC/plus//land_id/0"
"top20","world-cup-goals","provisional","player","Goles históricos — FIFA World Cup","rs_7cc0d9cf795a275b93106c43","draft","src_a5862ab2e594939ddfa99181","transfermarkt-world-cup-historical-goals","review_required","true","true","","","","","","","","","","","12","transfermarkt:world-cup:player:82e85a04938cf6b187c8456d","transfermarkt:world-cup:player:82e85a04938cf6b187c8456d","Teófilo Cubillas","Teófilo Cubillas","10","12","9","canonical","true","fallback","https://www.transfermarkt.com/weltmeisterschaft/ewigetorschuetzenliste/pokalwettbewerb/FIWC/plus//land_id/0"
"top20","world-cup-goals","provisional","player","Goles históricos — FIFA World Cup","rs_7cc0d9cf795a275b93106c43","draft","src_a5862ab2e594939ddfa99181","transfermarkt-world-cup-historical-goals","review_required","true","true","","","","","","","","","","","12","transfermarkt:world-cup:player:a32bb03e7a3742893dd3f7a3","transfermarkt:world-cup:player:a32bb03e7a3742893dd3f7a3","Grzegorz Lato","Grzegorz Lato","10","12","9","canonical","true","fallback","https://www.transfermarkt.com/weltmeisterschaft/ewigetorschuetzenliste/pokalwettbewerb/FIWC/plus//land_id/0"
"top20","world-cup-goals","provisional","player","Goles históricos — FIFA World Cup","rs_7cc0d9cf795a275b93106c43","draft","src_a5862ab2e594939ddfa99181","transfermarkt-world-cup-historical-goals","review_required","true","true","","","","","","","","","","","12","transfermarkt:world-cup:player:c3d6c2623b247e42120cbd68","transfermarkt:world-cup:player:c3d6c2623b247e42120cbd68","Helmut Rahn","Helmut Rahn","10","12","9","canonical","true","fallback","https://www.transfermarkt.com/weltmeisterschaft/ewigetorschuetzenliste/pokalwettbewerb/FIWC/plus//land_id/0"
"top20","world-cup-goals","provisional","player","Goles históricos — FIFA World Cup","rs_7cc0d9cf795a275b93106c43","draft","src_a5862ab2e594939ddfa99181","transfermarkt-world-cup-historical-goals","review_required","true","true","","","","","","","","","","","12","transfermarkt:world-cup:player:e8ffdf6a1c959832f75eac0a","transfermarkt:world-cup:player:e8ffdf6a1c959832f75eac0a","Gary Lineker","Gary Lineker","10","12","9","canonical","true","fallback","https://www.transfermarkt.com/weltmeisterschaft/ewigetorschuetzenliste/pokalwettbewerb/FIWC/plus//land_id/0"
"top20","world-cup-goals","provisional","player","Goles históricos — FIFA World Cup","rs_7cc0d9cf795a275b93106c43","draft","src_a5862ab2e594939ddfa99181","transfermarkt-world-cup-historical-goals","review_required","true","true","","","","","","","","","","","18","transfermarkt:world-cup:player:07764ef34483a7bdc0e228ba","transfermarkt:world-cup:player:07764ef34483a7bdc0e228ba","Uwe Seeler","Uwe Seeler","9","18","10","canonical","true","fallback","https://www.transfermarkt.com/weltmeisterschaft/ewigetorschuetzenliste/pokalwettbewerb/FIWC/plus//land_id/0"
"top20","world-cup-goals","provisional","player","Goles históricos — FIFA World Cup","rs_7cc0d9cf795a275b93106c43","draft","src_a5862ab2e594939ddfa99181","transfermarkt-world-cup-historical-goals","review_required","true","true","","","","","","","","","","","18","transfermarkt:world-cup:player:37b048dc34b525d71f181e89","transfermarkt:world-cup:player:37b048dc34b525d71f181e89","Paolo Rossi","Paolo Rossi","9","18","10","canonical","true","fallback","https://www.transfermarkt.com/weltmeisterschaft/ewigetorschuetzenliste/pokalwettbewerb/FIWC/plus//land_id/0"
"top20","world-cup-goals","provisional","player","Goles históricos — FIFA World Cup","rs_7cc0d9cf795a275b93106c43","draft","src_a5862ab2e594939ddfa99181","transfermarkt-world-cup-historical-goals","review_required","true","true","","","","","","","","","","","18","transfermarkt:world-cup:player:3885ec2e25136d206ab6b3f2","transfermarkt:world-cup:player:3885ec2e25136d206ab6b3f2","Neymar","Neymar","9","18","10","canonical","true","fallback","https://www.transfermarkt.com/weltmeisterschaft/ewigetorschuetzenliste/pokalwettbewerb/FIWC/plus//land_id/0"
